2024-09-19 21:46:16,790 - INFO - ---------------train loss---------------
2024-09-19 21:46:16,790 - INFO - Epoch: 1/300, loss_D_A: 0.168, loss_D_B: 0.106, loss_G: 36.120
2024-09-19 21:46:16,790 - INFO - Epoch: 1/300, loss_gan: 1.183, loss_cyc: 34.896, loss_dep: 0.040
2024-09-19 21:46:16,790 - INFO - --------------- test loss---------------
2024-09-19 21:46:16,790 - INFO - Epoch: 1/300, loss_D_A: 0.026, loss_D_B: 0.025, loss_G: 34.142
2024-09-19 21:46:16,790 - INFO - Epoch: 1/300, loss_gan: 1.397, loss_cyc: 32.712, loss_dep: 0.033
2024-09-19 21:46:16,790 - INFO - ****************************************
2024-09-19 21:46:19,896 - INFO - ---------------train loss---------------
2024-09-19 21:46:19,897 - INFO - Epoch: 2/300, loss_D_A: 0.087, loss_D_B: 0.165, loss_G: 33.578
2024-09-19 21:46:19,897 - INFO - Epoch: 2/300, loss_gan: 1.668, loss_cyc: 31.851, loss_dep: 0.059
2024-09-19 21:46:19,897 - INFO - --------------- test loss---------------
2024-09-19 21:46:19,897 - INFO - Epoch: 2/300, loss_D_A: 0.152, loss_D_B: 0.035, loss_G: 31.096
2024-09-19 21:46:19,897 - INFO - Epoch: 2/300, loss_gan: 2.405, loss_cyc: 28.652, loss_dep: 0.039
2024-09-19 21:46:19,897 - INFO - ****************************************
2024-09-19 21:46:23,068 - INFO - ---------------train loss---------------
2024-09-19 21:46:23,068 - INFO - Epoch: 3/300, loss_D_A: 0.071, loss_D_B: 0.034, loss_G: 29.486
2024-09-19 21:46:23,068 - INFO - Epoch: 3/300, loss_gan: 1.647, loss_cyc: 27.777, loss_dep: 0.063
2024-09-19 21:46:23,068 - INFO - --------------- test loss---------------
2024-09-19 21:46:23,068 - INFO - Epoch: 3/300, loss_D_A: 0.020, loss_D_B: 0.027, loss_G: 26.885
2024-09-19 21:46:23,068 - INFO - Epoch: 3/300, loss_gan: 1.557, loss_cyc: 25.292, loss_dep: 0.036
2024-09-19 21:46:23,068 - INFO - ****************************************
2024-09-19 21:46:26,088 - INFO - ---------------train loss---------------
2024-09-19 21:46:26,088 - INFO - Epoch: 4/300, loss_D_A: 0.030, loss_D_B: 0.063, loss_G: 27.333
2024-09-19 21:46:26,088 - INFO - Epoch: 4/300, loss_gan: 1.501, loss_cyc: 25.770, loss_dep: 0.063
2024-09-19 21:46:26,088 - INFO - --------------- test loss---------------
2024-09-19 21:46:26,088 - INFO - Epoch: 4/300, loss_D_A: 0.025, loss_D_B: 0.085, loss_G: 26.113
2024-09-19 21:46:26,088 - INFO - Epoch: 4/300, loss_gan: 2.640, loss_cyc: 23.437, loss_dep: 0.037
2024-09-19 21:46:26,088 - INFO - ****************************************
2024-09-19 21:46:29,295 - INFO - ---------------train loss---------------
2024-09-19 21:46:29,295 - INFO - Epoch: 5/300, loss_D_A: 0.199, loss_D_B: 0.097, loss_G: 25.575
2024-09-19 21:46:29,295 - INFO - Epoch: 5/300, loss_gan: 1.855, loss_cyc: 23.654, loss_dep: 0.065
2024-09-19 21:46:29,295 - INFO - --------------- test loss---------------
2024-09-19 21:46:29,295 - INFO - Epoch: 5/300, loss_D_A: 0.032, loss_D_B: 0.070, loss_G: 22.828
2024-09-19 21:46:29,295 - INFO - Epoch: 5/300, loss_gan: 1.458, loss_cyc: 21.333, loss_dep: 0.037
2024-09-19 21:46:29,295 - INFO - ****************************************
2024-09-19 22:02:28,516 - INFO - ---------------train loss---------------
2024-09-19 22:02:28,516 - INFO - Epoch: 1/300, loss_D_A: 0.168, loss_D_B: 0.106, loss_G: 36.120
2024-09-19 22:02:28,517 - INFO - Epoch: 1/300, loss_gan: 1.182, loss_cyc: 34.897, loss_dep: 0.040
2024-09-19 22:02:28,517 - INFO - --------------- test loss---------------
2024-09-19 22:02:28,517 - INFO - Epoch: 1/300, loss_D_A: 0.026, loss_D_B: 0.024, loss_G: 34.159
2024-09-19 22:02:28,517 - INFO - Epoch: 1/300, loss_gan: 1.412, loss_cyc: 32.714, loss_dep: 0.033
2024-09-19 22:02:28,517 - INFO - ****************************************
2024-09-19 22:02:31,662 - INFO - ---------------train loss---------------
2024-09-19 22:02:31,662 - INFO - Epoch: 2/300, loss_D_A: 0.105, loss_D_B: 0.188, loss_G: 33.504
2024-09-19 22:02:31,662 - INFO - Epoch: 2/300, loss_gan: 1.775, loss_cyc: 31.670, loss_dep: 0.059
2024-09-19 22:02:31,662 - INFO - --------------- test loss---------------
2024-09-19 22:02:31,662 - INFO - Epoch: 2/300, loss_D_A: 0.087, loss_D_B: 0.100, loss_G: 31.264
2024-09-19 22:02:31,662 - INFO - Epoch: 2/300, loss_gan: 1.807, loss_cyc: 29.418, loss_dep: 0.039
2024-09-19 22:02:31,662 - INFO - ****************************************
2024-09-19 22:02:34,832 - INFO - ---------------train loss---------------
2024-09-19 22:02:34,832 - INFO - Epoch: 3/300, loss_D_A: 0.062, loss_D_B: 0.042, loss_G: 29.562
2024-09-19 22:02:34,832 - INFO - Epoch: 3/300, loss_gan: 1.589, loss_cyc: 27.909, loss_dep: 0.063
2024-09-19 22:02:34,832 - INFO - --------------- test loss---------------
2024-09-19 22:02:34,832 - INFO - Epoch: 3/300, loss_D_A: 0.029, loss_D_B: 0.028, loss_G: 26.921
2024-09-19 22:02:34,832 - INFO - Epoch: 3/300, loss_gan: 1.637, loss_cyc: 25.247, loss_dep: 0.037
2024-09-19 22:02:34,833 - INFO - ****************************************
2024-09-19 22:02:38,048 - INFO - ---------------train loss---------------
2024-09-19 22:02:38,048 - INFO - Epoch: 4/300, loss_D_A: 0.027, loss_D_B: 0.028, loss_G: 27.418
2024-09-19 22:02:38,048 - INFO - Epoch: 4/300, loss_gan: 1.563, loss_cyc: 25.792, loss_dep: 0.064
2024-09-19 22:02:38,048 - INFO - --------------- test loss---------------
2024-09-19 22:02:38,048 - INFO - Epoch: 4/300, loss_D_A: 0.106, loss_D_B: 0.018, loss_G: 25.582
2024-09-19 22:02:38,048 - INFO - Epoch: 4/300, loss_gan: 1.373, loss_cyc: 24.171, loss_dep: 0.038
2024-09-19 22:02:38,048 - INFO - ****************************************
2024-09-19 22:02:41,082 - INFO - ---------------train loss---------------
2024-09-19 22:02:41,082 - INFO - Epoch: 5/300, loss_D_A: 0.161, loss_D_B: 0.161, loss_G: 25.721
2024-09-19 22:02:41,082 - INFO - Epoch: 5/300, loss_gan: 1.776, loss_cyc: 23.879, loss_dep: 0.066
2024-09-19 22:02:41,082 - INFO - --------------- test loss---------------
2024-09-19 22:02:41,082 - INFO - Epoch: 5/300, loss_D_A: 0.019, loss_D_B: 0.020, loss_G: 23.301
2024-09-19 22:02:41,082 - INFO - Epoch: 5/300, loss_gan: 1.477, loss_cyc: 21.788, loss_dep: 0.037
2024-09-19 22:02:41,083 - INFO - ****************************************
2024-09-19 22:02:44,332 - INFO - ---------------train loss---------------
2024-09-19 22:02:44,332 - INFO - Epoch: 6/300, loss_D_A: 0.029, loss_D_B: 0.032, loss_G: 22.942
2024-09-19 22:02:44,332 - INFO - Epoch: 6/300, loss_gan: 1.462, loss_cyc: 21.418, loss_dep: 0.062
2024-09-19 22:02:44,332 - INFO - --------------- test loss---------------
2024-09-19 22:02:44,332 - INFO - Epoch: 6/300, loss_D_A: 0.040, loss_D_B: 0.106, loss_G: 21.106
2024-09-19 22:02:44,332 - INFO - Epoch: 6/300, loss_gan: 0.977, loss_cyc: 20.094, loss_dep: 0.035
2024-09-19 22:02:44,332 - INFO - ****************************************
2024-09-19 22:02:47,382 - INFO - ---------------train loss---------------
2024-09-19 22:02:47,382 - INFO - Epoch: 7/300, loss_D_A: 0.175, loss_D_B: 0.119, loss_G: 21.907
2024-09-19 22:02:47,382 - INFO - Epoch: 7/300, loss_gan: 1.588, loss_cyc: 20.260, loss_dep: 0.058
2024-09-19 22:02:47,382 - INFO - --------------- test loss---------------
2024-09-19 22:02:47,382 - INFO - Epoch: 7/300, loss_D_A: 0.053, loss_D_B: 0.043, loss_G: 19.579
2024-09-19 22:02:47,382 - INFO - Epoch: 7/300, loss_gan: 1.786, loss_cyc: 17.760, loss_dep: 0.033
2024-09-19 22:02:47,382 - INFO - ****************************************
2024-09-19 22:02:50,442 - INFO - ---------------train loss---------------
2024-09-19 22:02:50,442 - INFO - Epoch: 8/300, loss_D_A: 0.032, loss_D_B: 0.198, loss_G: 19.699
2024-09-19 22:02:50,442 - INFO - Epoch: 8/300, loss_gan: 1.450, loss_cyc: 18.193, loss_dep: 0.056
2024-09-19 22:02:50,442 - INFO - --------------- test loss---------------
2024-09-19 22:02:50,442 - INFO - Epoch: 8/300, loss_D_A: 0.032, loss_D_B: 0.092, loss_G: 18.703
2024-09-19 22:02:50,442 - INFO - Epoch: 8/300, loss_gan: 1.959, loss_cyc: 16.711, loss_dep: 0.033
2024-09-19 22:02:50,442 - INFO - ****************************************
2024-09-19 22:02:53,777 - INFO - ---------------train loss---------------
2024-09-19 22:02:53,777 - INFO - Epoch: 9/300, loss_D_A: 0.156, loss_D_B: 0.058, loss_G: 18.522
2024-09-19 22:02:53,777 - INFO - Epoch: 9/300, loss_gan: 1.416, loss_cyc: 17.049, loss_dep: 0.056
2024-09-19 22:02:53,777 - INFO - --------------- test loss---------------
2024-09-19 22:02:53,777 - INFO - Epoch: 9/300, loss_D_A: 0.053, loss_D_B: 0.048, loss_G: 16.172
2024-09-19 22:02:53,777 - INFO - Epoch: 9/300, loss_gan: 1.303, loss_cyc: 14.837, loss_dep: 0.032
2024-09-19 22:02:53,777 - INFO - ****************************************
2024-09-19 22:02:56,856 - INFO - ---------------train loss---------------
2024-09-19 22:02:56,856 - INFO - Epoch: 10/300, loss_D_A: 0.092, loss_D_B: 0.138, loss_G: 16.985
2024-09-19 22:02:56,856 - INFO - Epoch: 10/300, loss_gan: 1.393, loss_cyc: 15.539, loss_dep: 0.052
2024-09-19 22:02:56,856 - INFO - --------------- test loss---------------
2024-09-19 22:02:56,857 - INFO - Epoch: 10/300, loss_D_A: 0.150, loss_D_B: 0.256, loss_G: 15.787
2024-09-19 22:02:56,857 - INFO - Epoch: 10/300, loss_gan: 1.657, loss_cyc: 14.100, loss_dep: 0.030
2024-09-19 22:02:56,857 - INFO - ****************************************
2024-09-19 22:02:59,941 - INFO - ---------------train loss---------------
2024-09-19 22:02:59,941 - INFO - Epoch: 11/300, loss_D_A: 0.082, loss_D_B: 0.127, loss_G: 15.887
2024-09-19 22:02:59,941 - INFO - Epoch: 11/300, loss_gan: 1.208, loss_cyc: 14.627, loss_dep: 0.052
2024-09-19 22:02:59,941 - INFO - --------------- test loss---------------
2024-09-19 22:02:59,941 - INFO - Epoch: 11/300, loss_D_A: 0.143, loss_D_B: 0.087, loss_G: 14.973
2024-09-19 22:02:59,941 - INFO - Epoch: 11/300, loss_gan: 1.675, loss_cyc: 13.269, loss_dep: 0.030
2024-09-19 22:02:59,941 - INFO - ****************************************
2024-09-19 22:03:03,358 - INFO - ---------------train loss---------------
2024-09-19 22:03:03,359 - INFO - Epoch: 12/300, loss_D_A: 0.162, loss_D_B: 0.107, loss_G: 15.318
2024-09-19 22:03:03,359 - INFO - Epoch: 12/300, loss_gan: 1.318, loss_cyc: 13.948, loss_dep: 0.052
2024-09-19 22:03:03,359 - INFO - --------------- test loss---------------
2024-09-19 22:03:03,359 - INFO - Epoch: 12/300, loss_D_A: 0.083, loss_D_B: 0.644, loss_G: 13.734
2024-09-19 22:03:03,359 - INFO - Epoch: 12/300, loss_gan: 0.497, loss_cyc: 13.207, loss_dep: 0.030
2024-09-19 22:03:03,359 - INFO - ****************************************
2024-09-19 22:03:06,461 - INFO - ---------------train loss---------------
2024-09-19 22:03:06,461 - INFO - Epoch: 13/300, loss_D_A: 0.139, loss_D_B: 0.234, loss_G: 14.596
2024-09-19 22:03:06,461 - INFO - Epoch: 13/300, loss_gan: 1.215, loss_cyc: 13.327, loss_dep: 0.054
2024-09-19 22:03:06,461 - INFO - --------------- test loss---------------
2024-09-19 22:03:06,461 - INFO - Epoch: 13/300, loss_D_A: 0.220, loss_D_B: 0.091, loss_G: 13.664
2024-09-19 22:03:06,461 - INFO - Epoch: 13/300, loss_gan: 0.715, loss_cyc: 12.920, loss_dep: 0.030
2024-09-19 22:03:06,461 - INFO - ****************************************
2024-09-19 22:03:09,568 - INFO - ---------------train loss---------------
2024-09-19 22:03:09,568 - INFO - Epoch: 14/300, loss_D_A: 0.152, loss_D_B: 0.088, loss_G: 13.896
2024-09-19 22:03:09,568 - INFO - Epoch: 14/300, loss_gan: 1.041, loss_cyc: 12.807, loss_dep: 0.049
2024-09-19 22:03:09,568 - INFO - --------------- test loss---------------
2024-09-19 22:03:09,568 - INFO - Epoch: 14/300, loss_D_A: 0.106, loss_D_B: 0.092, loss_G: 13.224
2024-09-19 22:03:09,568 - INFO - Epoch: 14/300, loss_gan: 0.992, loss_cyc: 12.204, loss_dep: 0.028
2024-09-19 22:03:09,568 - INFO - ****************************************
2024-09-19 22:03:13,750 - INFO - ---------------train loss---------------
2024-09-19 22:03:13,750 - INFO - Epoch: 15/300, loss_D_A: 0.150, loss_D_B: 0.220, loss_G: 13.576
2024-09-19 22:03:13,750 - INFO - Epoch: 15/300, loss_gan: 1.095, loss_cyc: 12.433, loss_dep: 0.047
2024-09-19 22:03:13,750 - INFO - --------------- test loss---------------
2024-09-19 22:03:13,750 - INFO - Epoch: 15/300, loss_D_A: 0.503, loss_D_B: 0.136, loss_G: 14.592
2024-09-19 22:03:13,750 - INFO - Epoch: 15/300, loss_gan: 2.718, loss_cyc: 11.848, loss_dep: 0.027
2024-09-19 22:03:13,750 - INFO - ****************************************
2024-09-19 22:03:17,266 - INFO - ---------------train loss---------------
2024-09-19 22:03:17,266 - INFO - Epoch: 16/300, loss_D_A: 0.219, loss_D_B: 0.105, loss_G: 13.207
2024-09-19 22:03:17,266 - INFO - Epoch: 16/300, loss_gan: 1.164, loss_cyc: 11.999, loss_dep: 0.045
2024-09-19 22:03:17,266 - INFO - --------------- test loss---------------
2024-09-19 22:03:17,266 - INFO - Epoch: 16/300, loss_D_A: 0.111, loss_D_B: 0.110, loss_G: 12.264
2024-09-19 22:03:17,266 - INFO - Epoch: 16/300, loss_gan: 0.828, loss_cyc: 11.410, loss_dep: 0.026
2024-09-19 22:03:17,266 - INFO - ****************************************
2024-09-19 22:03:20,405 - INFO - ---------------train loss---------------
2024-09-19 22:03:20,405 - INFO - Epoch: 17/300, loss_D_A: 0.107, loss_D_B: 0.105, loss_G: 12.877
2024-09-19 22:03:20,406 - INFO - Epoch: 17/300, loss_gan: 1.037, loss_cyc: 11.797, loss_dep: 0.043
2024-09-19 22:03:20,406 - INFO - --------------- test loss---------------
2024-09-19 22:03:20,406 - INFO - Epoch: 17/300, loss_D_A: 0.128, loss_D_B: 0.215, loss_G: 12.026
2024-09-19 22:03:20,406 - INFO - Epoch: 17/300, loss_gan: 0.462, loss_cyc: 11.540, loss_dep: 0.024
2024-09-19 22:03:20,406 - INFO - ****************************************
2024-09-19 22:03:23,558 - INFO - ---------------train loss---------------
2024-09-19 22:03:23,559 - INFO - Epoch: 18/300, loss_D_A: 0.220, loss_D_B: 0.158, loss_G: 12.991
2024-09-19 22:03:23,559 - INFO - Epoch: 18/300, loss_gan: 1.087, loss_cyc: 11.863, loss_dep: 0.041
2024-09-19 22:03:23,559 - INFO - --------------- test loss---------------
2024-09-19 22:03:23,559 - INFO - Epoch: 18/300, loss_D_A: 0.125, loss_D_B: 0.099, loss_G: 12.696
2024-09-19 22:03:23,559 - INFO - Epoch: 18/300, loss_gan: 0.955, loss_cyc: 11.718, loss_dep: 0.024
2024-09-19 22:03:23,559 - INFO - ****************************************
2024-09-19 22:03:26,710 - INFO - ---------------train loss---------------
2024-09-19 22:03:26,710 - INFO - Epoch: 19/300, loss_D_A: 0.120, loss_D_B: 0.127, loss_G: 12.535
2024-09-19 22:03:26,711 - INFO - Epoch: 19/300, loss_gan: 0.889, loss_cyc: 11.606, loss_dep: 0.040
2024-09-19 22:03:26,711 - INFO - --------------- test loss---------------
2024-09-19 22:03:26,711 - INFO - Epoch: 19/300, loss_D_A: 0.100, loss_D_B: 0.282, loss_G: 13.338
2024-09-19 22:03:26,711 - INFO - Epoch: 19/300, loss_gan: 1.843, loss_cyc: 11.475, loss_dep: 0.020
2024-09-19 22:03:26,711 - INFO - ****************************************
2024-09-19 22:03:30,356 - INFO - ---------------train loss---------------
2024-09-19 22:03:30,356 - INFO - Epoch: 20/300, loss_D_A: 0.117, loss_D_B: 0.301, loss_G: 12.858
2024-09-19 22:03:30,356 - INFO - Epoch: 20/300, loss_gan: 1.176, loss_cyc: 11.644, loss_dep: 0.039
2024-09-19 22:03:30,356 - INFO - --------------- test loss---------------
2024-09-19 22:03:30,356 - INFO - Epoch: 20/300, loss_D_A: 0.336, loss_D_B: 0.121, loss_G: 11.661
2024-09-19 22:03:30,356 - INFO - Epoch: 20/300, loss_gan: 0.502, loss_cyc: 11.136, loss_dep: 0.023
2024-09-19 22:03:30,356 - INFO - ****************************************
2024-09-19 22:03:33,539 - INFO - ---------------train loss---------------
2024-09-19 22:03:33,539 - INFO - Epoch: 21/300, loss_D_A: 0.336, loss_D_B: 0.128, loss_G: 12.295
2024-09-19 22:03:33,539 - INFO - Epoch: 21/300, loss_gan: 1.060, loss_cyc: 11.195, loss_dep: 0.039
2024-09-19 22:03:33,539 - INFO - --------------- test loss---------------
2024-09-19 22:03:33,539 - INFO - Epoch: 21/300, loss_D_A: 0.151, loss_D_B: 0.114, loss_G: 11.482
2024-09-19 22:03:33,539 - INFO - Epoch: 21/300, loss_gan: 0.749, loss_cyc: 10.713, loss_dep: 0.020
2024-09-19 22:03:33,539 - INFO - ****************************************
2024-09-19 22:03:36,730 - INFO - ---------------train loss---------------
2024-09-19 22:03:36,730 - INFO - Epoch: 22/300, loss_D_A: 0.143, loss_D_B: 0.127, loss_G: 11.952
2024-09-19 22:03:36,730 - INFO - Epoch: 22/300, loss_gan: 0.853, loss_cyc: 11.066, loss_dep: 0.032
2024-09-19 22:03:36,730 - INFO - --------------- test loss---------------
2024-09-19 22:03:36,730 - INFO - Epoch: 22/300, loss_D_A: 0.125, loss_D_B: 0.133, loss_G: 12.036
2024-09-19 22:03:36,730 - INFO - Epoch: 22/300, loss_gan: 1.057, loss_cyc: 10.962, loss_dep: 0.016
2024-09-19 22:03:36,730 - INFO - ****************************************
2024-09-19 22:03:39,931 - INFO - ---------------train loss---------------
2024-09-19 22:03:39,931 - INFO - Epoch: 23/300, loss_D_A: 0.132, loss_D_B: 0.167, loss_G: 12.244
2024-09-19 22:03:39,931 - INFO - Epoch: 23/300, loss_gan: 0.916, loss_cyc: 11.299, loss_dep: 0.029
2024-09-19 22:03:39,931 - INFO - --------------- test loss---------------
2024-09-19 22:03:39,931 - INFO - Epoch: 23/300, loss_D_A: 0.141, loss_D_B: 0.257, loss_G: 12.133
2024-09-19 22:03:39,931 - INFO - Epoch: 23/300, loss_gan: 1.361, loss_cyc: 10.755, loss_dep: 0.017
2024-09-19 22:03:39,931 - INFO - ****************************************
2024-09-19 22:03:43,141 - INFO - ---------------train loss---------------
2024-09-19 22:03:43,141 - INFO - Epoch: 24/300, loss_D_A: 0.179, loss_D_B: 0.234, loss_G: 12.153
2024-09-19 22:03:43,141 - INFO - Epoch: 24/300, loss_gan: 1.044, loss_cyc: 11.078, loss_dep: 0.030
2024-09-19 22:03:43,141 - INFO - --------------- test loss---------------
2024-09-19 22:03:43,141 - INFO - Epoch: 24/300, loss_D_A: 0.133, loss_D_B: 0.129, loss_G: 11.503
2024-09-19 22:03:43,141 - INFO - Epoch: 24/300, loss_gan: 0.861, loss_cyc: 10.626, loss_dep: 0.017
2024-09-19 22:03:43,141 - INFO - ****************************************
2024-09-19 22:03:46,357 - INFO - ---------------train loss---------------
2024-09-19 22:03:46,357 - INFO - Epoch: 25/300, loss_D_A: 0.152, loss_D_B: 0.139, loss_G: 11.943
2024-09-19 22:03:46,357 - INFO - Epoch: 25/300, loss_gan: 0.866, loss_cyc: 11.048, loss_dep: 0.029
2024-09-19 22:03:46,357 - INFO - --------------- test loss---------------
2024-09-19 22:03:46,357 - INFO - Epoch: 25/300, loss_D_A: 0.279, loss_D_B: 0.093, loss_G: 11.899
2024-09-19 22:03:46,357 - INFO - Epoch: 25/300, loss_gan: 0.725, loss_cyc: 11.158, loss_dep: 0.016
2024-09-19 22:03:46,357 - INFO - ****************************************
2024-09-19 22:03:50,167 - INFO - ---------------train loss---------------
2024-09-19 22:03:50,167 - INFO - Epoch: 26/300, loss_D_A: 0.246, loss_D_B: 0.159, loss_G: 12.312
2024-09-19 22:03:50,168 - INFO - Epoch: 26/300, loss_gan: 1.147, loss_cyc: 11.138, loss_dep: 0.027
2024-09-19 22:03:50,168 - INFO - --------------- test loss---------------
2024-09-19 22:03:50,168 - INFO - Epoch: 26/300, loss_D_A: 0.099, loss_D_B: 0.099, loss_G: 11.483
2024-09-19 22:03:50,168 - INFO - Epoch: 26/300, loss_gan: 0.943, loss_cyc: 10.526, loss_dep: 0.014
2024-09-19 22:03:50,168 - INFO - ****************************************
2024-09-19 22:03:53,409 - INFO - ---------------train loss---------------
2024-09-19 22:03:53,409 - INFO - Epoch: 27/300, loss_D_A: 0.188, loss_D_B: 0.248, loss_G: 11.949
2024-09-19 22:03:53,409 - INFO - Epoch: 27/300, loss_gan: 1.006, loss_cyc: 10.919, loss_dep: 0.024
2024-09-19 22:03:53,409 - INFO - --------------- test loss---------------
2024-09-19 22:03:53,409 - INFO - Epoch: 27/300, loss_D_A: 0.137, loss_D_B: 0.137, loss_G: 11.316
2024-09-19 22:03:53,409 - INFO - Epoch: 27/300, loss_gan: 0.990, loss_cyc: 10.312, loss_dep: 0.014
2024-09-19 22:03:53,409 - INFO - ****************************************
2024-09-19 22:03:56,663 - INFO - ---------------train loss---------------
2024-09-19 22:03:56,664 - INFO - Epoch: 28/300, loss_D_A: 0.136, loss_D_B: 0.136, loss_G: 11.603
2024-09-19 22:03:56,664 - INFO - Epoch: 28/300, loss_gan: 0.845, loss_cyc: 10.735, loss_dep: 0.024
2024-09-19 22:03:56,664 - INFO - --------------- test loss---------------
2024-09-19 22:03:56,664 - INFO - Epoch: 28/300, loss_D_A: 0.113, loss_D_B: 0.110, loss_G: 11.566
2024-09-19 22:03:56,664 - INFO - Epoch: 28/300, loss_gan: 0.855, loss_cyc: 10.697, loss_dep: 0.013
2024-09-19 22:03:56,664 - INFO - ****************************************
2024-09-19 22:03:59,925 - INFO - ---------------train loss---------------
2024-09-19 22:03:59,925 - INFO - Epoch: 29/300, loss_D_A: 0.254, loss_D_B: 0.215, loss_G: 12.438
2024-09-19 22:03:59,925 - INFO - Epoch: 29/300, loss_gan: 1.196, loss_cyc: 11.217, loss_dep: 0.025
2024-09-19 22:03:59,925 - INFO - --------------- test loss---------------
2024-09-19 22:03:59,925 - INFO - Epoch: 29/300, loss_D_A: 0.158, loss_D_B: 0.151, loss_G: 10.964
2024-09-19 22:03:59,925 - INFO - Epoch: 29/300, loss_gan: 0.445, loss_cyc: 10.503, loss_dep: 0.016
2024-09-19 22:03:59,925 - INFO - ****************************************
2024-09-19 22:04:03,200 - INFO - ---------------train loss---------------
2024-09-19 22:04:03,200 - INFO - Epoch: 30/300, loss_D_A: 0.154, loss_D_B: 0.149, loss_G: 11.420
2024-09-19 22:04:03,200 - INFO - Epoch: 30/300, loss_gan: 0.826, loss_cyc: 10.569, loss_dep: 0.024
2024-09-19 22:04:03,200 - INFO - --------------- test loss---------------
2024-09-19 22:04:03,200 - INFO - Epoch: 30/300, loss_D_A: 0.174, loss_D_B: 0.242, loss_G: 10.966
2024-09-19 22:04:03,200 - INFO - Epoch: 30/300, loss_gan: 0.556, loss_cyc: 10.396, loss_dep: 0.014
2024-09-19 22:04:03,200 - INFO - ****************************************
2024-09-19 22:04:06,480 - INFO - ---------------train loss---------------
2024-09-19 22:04:06,480 - INFO - Epoch: 31/300, loss_D_A: 0.156, loss_D_B: 0.172, loss_G: 11.587
2024-09-19 22:04:06,480 - INFO - Epoch: 31/300, loss_gan: 0.828, loss_cyc: 10.739, loss_dep: 0.021
2024-09-19 22:04:06,480 - INFO - --------------- test loss---------------
2024-09-19 22:04:06,480 - INFO - Epoch: 31/300, loss_D_A: 0.156, loss_D_B: 0.276, loss_G: 11.663
2024-09-19 22:04:06,480 - INFO - Epoch: 31/300, loss_gan: 0.826, loss_cyc: 10.826, loss_dep: 0.012
2024-09-19 22:04:06,480 - INFO - ****************************************
2024-09-19 22:04:09,774 - INFO - ---------------train loss---------------
2024-09-19 22:04:09,774 - INFO - Epoch: 32/300, loss_D_A: 0.194, loss_D_B: 0.220, loss_G: 11.813
2024-09-19 22:04:09,774 - INFO - Epoch: 32/300, loss_gan: 0.994, loss_cyc: 10.800, loss_dep: 0.020
2024-09-19 22:04:09,774 - INFO - --------------- test loss---------------
2024-09-19 22:04:09,774 - INFO - Epoch: 32/300, loss_D_A: 0.127, loss_D_B: 0.134, loss_G: 10.990
2024-09-19 22:04:09,774 - INFO - Epoch: 32/300, loss_gan: 0.783, loss_cyc: 10.196, loss_dep: 0.012
2024-09-19 22:04:09,774 - INFO - ****************************************
2024-09-19 22:04:13,787 - INFO - ---------------train loss---------------
2024-09-19 22:04:13,787 - INFO - Epoch: 33/300, loss_D_A: 0.162, loss_D_B: 0.148, loss_G: 11.310
2024-09-19 22:04:13,787 - INFO - Epoch: 33/300, loss_gan: 0.780, loss_cyc: 10.511, loss_dep: 0.019
2024-09-19 22:04:13,787 - INFO - --------------- test loss---------------
2024-09-19 22:04:13,787 - INFO - Epoch: 33/300, loss_D_A: 0.137, loss_D_B: 0.180, loss_G: 11.642
2024-09-19 22:04:13,787 - INFO - Epoch: 33/300, loss_gan: 0.898, loss_cyc: 10.732, loss_dep: 0.012
2024-09-19 22:04:13,787 - INFO - ****************************************
2024-09-19 22:04:17,109 - INFO - ---------------train loss---------------
2024-09-19 22:04:17,109 - INFO - Epoch: 34/300, loss_D_A: 0.285, loss_D_B: 0.267, loss_G: 12.044
2024-09-19 22:04:17,109 - INFO - Epoch: 34/300, loss_gan: 1.165, loss_cyc: 10.859, loss_dep: 0.020
2024-09-19 22:04:17,109 - INFO - --------------- test loss---------------
2024-09-19 22:04:17,110 - INFO - Epoch: 34/300, loss_D_A: 0.146, loss_D_B: 0.119, loss_G: 11.104
2024-09-19 22:04:17,110 - INFO - Epoch: 34/300, loss_gan: 0.875, loss_cyc: 10.217, loss_dep: 0.013
2024-09-19 22:04:17,110 - INFO - ****************************************
2024-09-19 22:04:20,440 - INFO - ---------------train loss---------------
2024-09-19 22:04:20,440 - INFO - Epoch: 35/300, loss_D_A: 0.138, loss_D_B: 0.159, loss_G: 11.054
2024-09-19 22:04:20,440 - INFO - Epoch: 35/300, loss_gan: 0.800, loss_cyc: 10.234, loss_dep: 0.019
2024-09-19 22:04:20,440 - INFO - --------------- test loss---------------
2024-09-19 22:04:20,440 - INFO - Epoch: 35/300, loss_D_A: 0.192, loss_D_B: 0.160, loss_G: 10.968
2024-09-19 22:04:20,440 - INFO - Epoch: 35/300, loss_gan: 0.698, loss_cyc: 10.261, loss_dep: 0.009
2024-09-19 22:04:20,440 - INFO - ****************************************
2024-09-19 22:04:23,782 - INFO - ---------------train loss---------------
2024-09-19 22:04:23,783 - INFO - Epoch: 36/300, loss_D_A: 0.138, loss_D_B: 0.157, loss_G: 11.387
2024-09-19 22:04:23,783 - INFO - Epoch: 36/300, loss_gan: 0.817, loss_cyc: 10.556, loss_dep: 0.014
2024-09-19 22:04:23,783 - INFO - --------------- test loss---------------
2024-09-19 22:04:23,783 - INFO - Epoch: 36/300, loss_D_A: 0.155, loss_D_B: 0.255, loss_G: 13.297
2024-09-19 22:04:23,783 - INFO - Epoch: 36/300, loss_gan: 1.684, loss_cyc: 11.604, loss_dep: 0.009
2024-09-19 22:04:23,783 - INFO - ****************************************
2024-09-19 22:04:27,138 - INFO - ---------------train loss---------------
2024-09-19 22:04:27,138 - INFO - Epoch: 37/300, loss_D_A: 0.228, loss_D_B: 0.212, loss_G: 11.706
2024-09-19 22:04:27,138 - INFO - Epoch: 37/300, loss_gan: 1.139, loss_cyc: 10.551, loss_dep: 0.016
2024-09-19 22:04:27,138 - INFO - --------------- test loss---------------
2024-09-19 22:04:27,138 - INFO - Epoch: 37/300, loss_D_A: 0.146, loss_D_B: 0.151, loss_G: 11.439
2024-09-19 22:04:27,138 - INFO - Epoch: 37/300, loss_gan: 1.063, loss_cyc: 10.367, loss_dep: 0.009
2024-09-19 22:04:27,138 - INFO - ****************************************
2024-09-19 22:04:30,499 - INFO - ---------------train loss---------------
2024-09-19 22:04:30,499 - INFO - Epoch: 38/300, loss_D_A: 0.191, loss_D_B: 0.205, loss_G: 11.107
2024-09-19 22:04:30,499 - INFO - Epoch: 38/300, loss_gan: 0.797, loss_cyc: 10.294, loss_dep: 0.015
2024-09-19 22:04:30,499 - INFO - --------------- test loss---------------
2024-09-19 22:04:30,500 - INFO - Epoch: 38/300, loss_D_A: 0.189, loss_D_B: 0.201, loss_G: 10.682
2024-09-19 22:04:30,500 - INFO - Epoch: 38/300, loss_gan: 0.622, loss_cyc: 10.052, loss_dep: 0.008
2024-09-19 22:04:30,500 - INFO - ****************************************
2024-09-19 22:04:33,872 - INFO - ---------------train loss---------------
2024-09-19 22:04:33,872 - INFO - Epoch: 39/300, loss_D_A: 0.148, loss_D_B: 0.152, loss_G: 11.206
2024-09-19 22:04:33,872 - INFO - Epoch: 39/300, loss_gan: 0.805, loss_cyc: 10.388, loss_dep: 0.013
2024-09-19 22:04:33,872 - INFO - --------------- test loss---------------
2024-09-19 22:04:33,872 - INFO - Epoch: 39/300, loss_D_A: 0.181, loss_D_B: 0.126, loss_G: 11.230
2024-09-19 22:04:33,872 - INFO - Epoch: 39/300, loss_gan: 0.873, loss_cyc: 10.349, loss_dep: 0.008
2024-09-19 22:04:33,872 - INFO - ****************************************
2024-09-19 22:04:37,257 - INFO - ---------------train loss---------------
2024-09-19 22:04:37,257 - INFO - Epoch: 40/300, loss_D_A: 0.193, loss_D_B: 0.220, loss_G: 11.722
2024-09-19 22:04:37,257 - INFO - Epoch: 40/300, loss_gan: 1.158, loss_cyc: 10.549, loss_dep: 0.015
2024-09-19 22:04:37,257 - INFO - --------------- test loss---------------
2024-09-19 22:04:37,257 - INFO - Epoch: 40/300, loss_D_A: 0.096, loss_D_B: 0.127, loss_G: 11.097
2024-09-19 22:04:37,257 - INFO - Epoch: 40/300, loss_gan: 1.012, loss_cyc: 10.076, loss_dep: 0.009
2024-09-19 22:04:37,257 - INFO - ****************************************
2024-09-19 22:04:40,658 - INFO - ---------------train loss---------------
2024-09-19 22:04:40,658 - INFO - Epoch: 41/300, loss_D_A: 0.177, loss_D_B: 0.166, loss_G: 11.371
2024-09-19 22:04:40,658 - INFO - Epoch: 41/300, loss_gan: 0.910, loss_cyc: 10.447, loss_dep: 0.014
2024-09-19 22:04:40,658 - INFO - --------------- test loss---------------
2024-09-19 22:04:40,658 - INFO - Epoch: 41/300, loss_D_A: 0.136, loss_D_B: 0.188, loss_G: 10.975
2024-09-19 22:04:40,658 - INFO - Epoch: 41/300, loss_gan: 0.872, loss_cyc: 10.097, loss_dep: 0.007
2024-09-19 22:04:40,658 - INFO - ****************************************
2024-09-19 22:04:44,927 - INFO - ---------------train loss---------------
2024-09-19 22:04:44,927 - INFO - Epoch: 42/300, loss_D_A: 0.189, loss_D_B: 0.203, loss_G: 11.181
2024-09-19 22:04:44,927 - INFO - Epoch: 42/300, loss_gan: 0.902, loss_cyc: 10.268, loss_dep: 0.012
2024-09-19 22:04:44,927 - INFO - --------------- test loss---------------
2024-09-19 22:04:44,928 - INFO - Epoch: 42/300, loss_D_A: 0.181, loss_D_B: 0.344, loss_G: 11.302
2024-09-19 22:04:44,928 - INFO - Epoch: 42/300, loss_gan: 0.935, loss_cyc: 10.359, loss_dep: 0.007
2024-09-19 22:04:44,928 - INFO - ****************************************
2024-09-19 22:04:48,346 - INFO - ---------------train loss---------------
2024-09-19 22:04:48,347 - INFO - Epoch: 43/300, loss_D_A: 0.174, loss_D_B: 0.187, loss_G: 11.129
2024-09-19 22:04:48,347 - INFO - Epoch: 43/300, loss_gan: 0.858, loss_cyc: 10.259, loss_dep: 0.012
2024-09-19 22:04:48,347 - INFO - --------------- test loss---------------
2024-09-19 22:04:48,347 - INFO - Epoch: 43/300, loss_D_A: 0.140, loss_D_B: 0.196, loss_G: 11.290
2024-09-19 22:04:48,347 - INFO - Epoch: 43/300, loss_gan: 0.940, loss_cyc: 10.343, loss_dep: 0.007
2024-09-19 22:04:48,347 - INFO - ****************************************
2024-09-19 22:04:51,780 - INFO - ---------------train loss---------------
2024-09-19 22:04:51,780 - INFO - Epoch: 44/300, loss_D_A: 0.170, loss_D_B: 0.196, loss_G: 11.276
2024-09-19 22:04:51,780 - INFO - Epoch: 44/300, loss_gan: 0.968, loss_cyc: 10.295, loss_dep: 0.013
2024-09-19 22:04:51,780 - INFO - --------------- test loss---------------
2024-09-19 22:04:51,780 - INFO - Epoch: 44/300, loss_D_A: 0.122, loss_D_B: 0.244, loss_G: 11.037
2024-09-19 22:04:51,780 - INFO - Epoch: 44/300, loss_gan: 0.706, loss_cyc: 10.324, loss_dep: 0.007
2024-09-19 22:04:51,780 - INFO - ****************************************
2024-09-19 22:04:55,228 - INFO - ---------------train loss---------------
2024-09-19 22:04:55,228 - INFO - Epoch: 45/300, loss_D_A: 0.233, loss_D_B: 0.195, loss_G: 11.227
2024-09-19 22:04:55,228 - INFO - Epoch: 45/300, loss_gan: 0.978, loss_cyc: 10.236, loss_dep: 0.013
2024-09-19 22:04:55,228 - INFO - --------------- test loss---------------
2024-09-19 22:04:55,228 - INFO - Epoch: 45/300, loss_D_A: 0.171, loss_D_B: 0.170, loss_G: 10.824
2024-09-19 22:04:55,228 - INFO - Epoch: 45/300, loss_gan: 0.663, loss_cyc: 10.154, loss_dep: 0.007
2024-09-19 22:04:55,228 - INFO - ****************************************
2024-09-19 22:04:58,679 - INFO - ---------------train loss---------------
2024-09-19 22:04:58,679 - INFO - Epoch: 46/300, loss_D_A: 0.195, loss_D_B: 0.205, loss_G: 11.170
2024-09-19 22:04:58,679 - INFO - Epoch: 46/300, loss_gan: 0.863, loss_cyc: 10.295, loss_dep: 0.012
2024-09-19 22:04:58,679 - INFO - --------------- test loss---------------
2024-09-19 22:04:58,679 - INFO - Epoch: 46/300, loss_D_A: 0.220, loss_D_B: 0.425, loss_G: 11.552
2024-09-19 22:04:58,679 - INFO - Epoch: 46/300, loss_gan: 1.063, loss_cyc: 10.482, loss_dep: 0.007
2024-09-19 22:04:58,679 - INFO - ****************************************
2024-09-19 22:05:02,143 - INFO - ---------------train loss---------------
2024-09-19 22:05:02,143 - INFO - Epoch: 47/300, loss_D_A: 0.179, loss_D_B: 0.187, loss_G: 10.973
2024-09-19 22:05:02,143 - INFO - Epoch: 47/300, loss_gan: 0.884, loss_cyc: 10.079, loss_dep: 0.011
2024-09-19 22:05:02,143 - INFO - --------------- test loss---------------
2024-09-19 22:05:02,143 - INFO - Epoch: 47/300, loss_D_A: 0.316, loss_D_B: 0.170, loss_G: 11.039
2024-09-19 22:05:02,143 - INFO - Epoch: 47/300, loss_gan: 0.632, loss_cyc: 10.401, loss_dep: 0.006
2024-09-19 22:05:02,143 - INFO - ****************************************
2024-09-19 22:05:05,627 - INFO - ---------------train loss---------------
2024-09-19 22:05:05,627 - INFO - Epoch: 48/300, loss_D_A: 0.227, loss_D_B: 0.194, loss_G: 10.883
2024-09-19 22:05:05,627 - INFO - Epoch: 48/300, loss_gan: 0.806, loss_cyc: 10.067, loss_dep: 0.010
2024-09-19 22:05:05,627 - INFO - --------------- test loss---------------
2024-09-19 22:05:05,627 - INFO - Epoch: 48/300, loss_D_A: 0.221, loss_D_B: 0.149, loss_G: 10.848
2024-09-19 22:05:05,627 - INFO - Epoch: 48/300, loss_gan: 0.728, loss_cyc: 10.114, loss_dep: 0.006
2024-09-19 22:05:05,627 - INFO - ****************************************
2024-09-19 22:05:09,118 - INFO - ---------------train loss---------------
2024-09-19 22:05:09,118 - INFO - Epoch: 49/300, loss_D_A: 0.219, loss_D_B: 0.218, loss_G: 10.936
2024-09-19 22:05:09,118 - INFO - Epoch: 49/300, loss_gan: 0.826, loss_cyc: 10.099, loss_dep: 0.011
2024-09-19 22:05:09,118 - INFO - --------------- test loss---------------
2024-09-19 22:05:09,118 - INFO - Epoch: 49/300, loss_D_A: 0.162, loss_D_B: 0.136, loss_G: 10.637
2024-09-19 22:05:09,118 - INFO - Epoch: 49/300, loss_gan: 0.823, loss_cyc: 9.808, loss_dep: 0.007
2024-09-19 22:05:09,118 - INFO - ****************************************
2024-09-19 22:05:12,614 - INFO - ---------------train loss---------------
2024-09-19 22:05:12,614 - INFO - Epoch: 50/300, loss_D_A: 0.193, loss_D_B: 0.184, loss_G: 10.919
2024-09-19 22:05:12,614 - INFO - Epoch: 50/300, loss_gan: 0.799, loss_cyc: 10.110, loss_dep: 0.010
2024-09-19 22:05:12,614 - INFO - --------------- test loss---------------
2024-09-19 22:05:12,614 - INFO - Epoch: 50/300, loss_D_A: 0.270, loss_D_B: 0.154, loss_G: 11.067
2024-09-19 22:05:12,614 - INFO - Epoch: 50/300, loss_gan: 1.097, loss_cyc: 9.964, loss_dep: 0.006
2024-09-19 22:05:12,614 - INFO - ****************************************
2024-09-19 22:05:16,124 - INFO - ---------------train loss---------------
2024-09-19 22:05:16,124 - INFO - Epoch: 51/300, loss_D_A: 0.199, loss_D_B: 0.189, loss_G: 10.916
2024-09-19 22:05:16,124 - INFO - Epoch: 51/300, loss_gan: 0.856, loss_cyc: 10.050, loss_dep: 0.010
2024-09-19 22:05:16,124 - INFO - --------------- test loss---------------
2024-09-19 22:05:16,124 - INFO - Epoch: 51/300, loss_D_A: 0.287, loss_D_B: 0.200, loss_G: 10.702
2024-09-19 22:05:16,124 - INFO - Epoch: 51/300, loss_gan: 0.769, loss_cyc: 9.928, loss_dep: 0.005
2024-09-19 22:05:16,124 - INFO - ****************************************
2024-09-19 22:05:19,641 - INFO - ---------------train loss---------------
2024-09-19 22:05:19,641 - INFO - Epoch: 52/300, loss_D_A: 0.198, loss_D_B: 0.187, loss_G: 10.621
2024-09-19 22:05:19,641 - INFO - Epoch: 52/300, loss_gan: 0.742, loss_cyc: 9.871, loss_dep: 0.008
2024-09-19 22:05:19,641 - INFO - --------------- test loss---------------
2024-09-19 22:05:19,641 - INFO - Epoch: 52/300, loss_D_A: 0.242, loss_D_B: 0.142, loss_G: 10.784
2024-09-19 22:05:19,641 - INFO - Epoch: 52/300, loss_gan: 0.799, loss_cyc: 9.980, loss_dep: 0.005
2024-09-19 22:05:19,641 - INFO - ****************************************
2024-09-19 22:05:23,170 - INFO - ---------------train loss---------------
2024-09-19 22:05:23,170 - INFO - Epoch: 53/300, loss_D_A: 0.202, loss_D_B: 0.197, loss_G: 10.971
2024-09-19 22:05:23,170 - INFO - Epoch: 53/300, loss_gan: 0.922, loss_cyc: 10.041, loss_dep: 0.008
2024-09-19 22:05:23,170 - INFO - --------------- test loss---------------
2024-09-19 22:05:23,170 - INFO - Epoch: 53/300, loss_D_A: 0.354, loss_D_B: 0.278, loss_G: 11.635
2024-09-19 22:05:23,170 - INFO - Epoch: 53/300, loss_gan: 1.543, loss_cyc: 10.087, loss_dep: 0.005
2024-09-19 22:05:23,170 - INFO - ****************************************
2024-09-19 22:05:27,766 - INFO - ---------------train loss---------------
2024-09-19 22:05:27,766 - INFO - Epoch: 54/300, loss_D_A: 0.185, loss_D_B: 0.174, loss_G: 10.826
2024-09-19 22:05:27,766 - INFO - Epoch: 54/300, loss_gan: 0.926, loss_cyc: 9.892, loss_dep: 0.008
2024-09-19 22:05:27,766 - INFO - --------------- test loss---------------
2024-09-19 22:05:27,766 - INFO - Epoch: 54/300, loss_D_A: 0.225, loss_D_B: 0.170, loss_G: 10.738
2024-09-19 22:05:27,766 - INFO - Epoch: 54/300, loss_gan: 0.637, loss_cyc: 10.096, loss_dep: 0.005
2024-09-19 22:05:27,766 - INFO - ****************************************
2024-09-19 22:05:31,320 - INFO - ---------------train loss---------------
2024-09-19 22:05:31,320 - INFO - Epoch: 55/300, loss_D_A: 0.225, loss_D_B: 0.231, loss_G: 10.749
2024-09-19 22:05:31,320 - INFO - Epoch: 55/300, loss_gan: 0.829, loss_cyc: 9.912, loss_dep: 0.008
2024-09-19 22:05:31,320 - INFO - --------------- test loss---------------
2024-09-19 22:05:31,320 - INFO - Epoch: 55/300, loss_D_A: 0.189, loss_D_B: 0.188, loss_G: 10.145
2024-09-19 22:05:31,320 - INFO - Epoch: 55/300, loss_gan: 0.568, loss_cyc: 9.572, loss_dep: 0.005
2024-09-19 22:05:31,320 - INFO - ****************************************
2024-09-19 22:05:34,885 - INFO - ---------------train loss---------------
2024-09-19 22:05:34,885 - INFO - Epoch: 56/300, loss_D_A: 0.173, loss_D_B: 0.156, loss_G: 10.548
2024-09-19 22:05:34,885 - INFO - Epoch: 56/300, loss_gan: 0.755, loss_cyc: 9.783, loss_dep: 0.009
2024-09-19 22:05:34,885 - INFO - --------------- test loss---------------
2024-09-19 22:05:34,885 - INFO - Epoch: 56/300, loss_D_A: 0.129, loss_D_B: 0.115, loss_G: 10.507
2024-09-19 22:05:34,885 - INFO - Epoch: 56/300, loss_gan: 0.860, loss_cyc: 9.641, loss_dep: 0.006
2024-09-19 22:05:34,885 - INFO - ****************************************
2024-09-19 22:05:38,469 - INFO - ---------------train loss---------------
2024-09-19 22:05:38,469 - INFO - Epoch: 57/300, loss_D_A: 0.253, loss_D_B: 0.271, loss_G: 11.392
2024-09-19 22:05:38,469 - INFO - Epoch: 57/300, loss_gan: 1.213, loss_cyc: 10.169, loss_dep: 0.010
2024-09-19 22:05:38,469 - INFO - --------------- test loss---------------
2024-09-19 22:05:38,469 - INFO - Epoch: 57/300, loss_D_A: 0.137, loss_D_B: 0.108, loss_G: 10.679
2024-09-19 22:05:38,469 - INFO - Epoch: 57/300, loss_gan: 0.955, loss_cyc: 9.718, loss_dep: 0.006
2024-09-19 22:05:38,469 - INFO - ****************************************
2024-09-19 22:05:42,057 - INFO - ---------------train loss---------------
2024-09-19 22:05:42,057 - INFO - Epoch: 58/300, loss_D_A: 0.177, loss_D_B: 0.142, loss_G: 10.578
2024-09-19 22:05:42,057 - INFO - Epoch: 58/300, loss_gan: 0.789, loss_cyc: 9.780, loss_dep: 0.009
2024-09-19 22:05:42,057 - INFO - --------------- test loss---------------
2024-09-19 22:05:42,057 - INFO - Epoch: 58/300, loss_D_A: 0.221, loss_D_B: 0.189, loss_G: 10.670
2024-09-19 22:05:42,057 - INFO - Epoch: 58/300, loss_gan: 0.875, loss_cyc: 9.789, loss_dep: 0.006
2024-09-19 22:05:42,057 - INFO - ****************************************
2024-09-19 22:05:45,653 - INFO - ---------------train loss---------------
2024-09-19 22:05:45,653 - INFO - Epoch: 59/300, loss_D_A: 0.203, loss_D_B: 0.173, loss_G: 10.426
2024-09-19 22:05:45,653 - INFO - Epoch: 59/300, loss_gan: 0.734, loss_cyc: 9.684, loss_dep: 0.008
2024-09-19 22:05:45,653 - INFO - --------------- test loss---------------
2024-09-19 22:05:45,653 - INFO - Epoch: 59/300, loss_D_A: 0.163, loss_D_B: 0.185, loss_G: 10.469
2024-09-19 22:05:45,653 - INFO - Epoch: 59/300, loss_gan: 0.751, loss_cyc: 9.714, loss_dep: 0.004
2024-09-19 22:05:45,653 - INFO - ****************************************
2024-09-19 22:05:49,262 - INFO - ---------------train loss---------------
2024-09-19 22:05:49,262 - INFO - Epoch: 60/300, loss_D_A: 0.194, loss_D_B: 0.225, loss_G: 10.883
2024-09-19 22:05:49,262 - INFO - Epoch: 60/300, loss_gan: 1.000, loss_cyc: 9.876, loss_dep: 0.007
2024-09-19 22:05:49,262 - INFO - --------------- test loss---------------
2024-09-19 22:05:49,262 - INFO - Epoch: 60/300, loss_D_A: 0.170, loss_D_B: 0.123, loss_G: 10.826
2024-09-19 22:05:49,262 - INFO - Epoch: 60/300, loss_gan: 1.187, loss_cyc: 9.634, loss_dep: 0.005
2024-09-19 22:05:49,262 - INFO - ****************************************
2024-09-19 22:05:52,883 - INFO - ---------------train loss---------------
2024-09-19 22:05:52,883 - INFO - Epoch: 61/300, loss_D_A: 0.166, loss_D_B: 0.150, loss_G: 10.533
2024-09-19 22:05:52,883 - INFO - Epoch: 61/300, loss_gan: 0.801, loss_cyc: 9.725, loss_dep: 0.007
2024-09-19 22:05:52,884 - INFO - --------------- test loss---------------
2024-09-19 22:05:52,884 - INFO - Epoch: 61/300, loss_D_A: 0.319, loss_D_B: 0.160, loss_G: 11.342
2024-09-19 22:05:52,884 - INFO - Epoch: 61/300, loss_gan: 1.009, loss_cyc: 10.329, loss_dep: 0.005
2024-09-19 22:05:52,884 - INFO - ****************************************
2024-09-19 22:05:56,513 - INFO - ---------------train loss---------------
2024-09-19 22:05:56,513 - INFO - Epoch: 62/300, loss_D_A: 0.278, loss_D_B: 0.191, loss_G: 10.801
2024-09-19 22:05:56,513 - INFO - Epoch: 62/300, loss_gan: 0.984, loss_cyc: 9.810, loss_dep: 0.007
2024-09-19 22:05:56,513 - INFO - --------------- test loss---------------
2024-09-19 22:05:56,514 - INFO - Epoch: 62/300, loss_D_A: 0.199, loss_D_B: 0.177, loss_G: 10.164
2024-09-19 22:05:56,514 - INFO - Epoch: 62/300, loss_gan: 0.587, loss_cyc: 9.573, loss_dep: 0.004
2024-09-19 22:05:56,514 - INFO - ****************************************
2024-09-19 22:06:00,158 - INFO - ---------------train loss---------------
2024-09-19 22:06:00,158 - INFO - Epoch: 63/300, loss_D_A: 0.212, loss_D_B: 0.159, loss_G: 10.516
2024-09-19 22:06:00,158 - INFO - Epoch: 63/300, loss_gan: 0.789, loss_cyc: 9.721, loss_dep: 0.006
2024-09-19 22:06:00,158 - INFO - --------------- test loss---------------
2024-09-19 22:06:00,158 - INFO - Epoch: 63/300, loss_D_A: 0.196, loss_D_B: 0.202, loss_G: 10.286
2024-09-19 22:06:00,158 - INFO - Epoch: 63/300, loss_gan: 0.480, loss_cyc: 9.802, loss_dep: 0.004
2024-09-19 22:06:00,158 - INFO - ****************************************
2024-09-19 22:06:03,803 - INFO - ---------------train loss---------------
2024-09-19 22:06:03,803 - INFO - Epoch: 64/300, loss_D_A: 0.207, loss_D_B: 0.213, loss_G: 10.677
2024-09-19 22:06:03,803 - INFO - Epoch: 64/300, loss_gan: 0.853, loss_cyc: 9.818, loss_dep: 0.007
2024-09-19 22:06:03,803 - INFO - --------------- test loss---------------
2024-09-19 22:06:03,803 - INFO - Epoch: 64/300, loss_D_A: 0.148, loss_D_B: 0.160, loss_G: 10.533
2024-09-19 22:06:03,803 - INFO - Epoch: 64/300, loss_gan: 0.826, loss_cyc: 9.702, loss_dep: 0.005
2024-09-19 22:06:03,803 - INFO - ****************************************
2024-09-19 22:06:07,463 - INFO - ---------------train loss---------------
2024-09-19 22:06:07,463 - INFO - Epoch: 65/300, loss_D_A: 0.204, loss_D_B: 0.140, loss_G: 10.559
2024-09-19 22:06:07,464 - INFO - Epoch: 65/300, loss_gan: 0.794, loss_cyc: 9.757, loss_dep: 0.007
2024-09-19 22:06:07,464 - INFO - --------------- test loss---------------
2024-09-19 22:06:07,464 - INFO - Epoch: 65/300, loss_D_A: 0.204, loss_D_B: 0.238, loss_G: 10.626
2024-09-19 22:06:07,464 - INFO - Epoch: 65/300, loss_gan: 0.955, loss_cyc: 9.666, loss_dep: 0.005
2024-09-19 22:06:07,464 - INFO - ****************************************
2024-09-19 22:06:11,144 - INFO - ---------------train loss---------------
2024-09-19 22:06:11,144 - INFO - Epoch: 66/300, loss_D_A: 0.206, loss_D_B: 0.174, loss_G: 10.452
2024-09-19 22:06:11,144 - INFO - Epoch: 66/300, loss_gan: 0.877, loss_cyc: 9.568, loss_dep: 0.007
2024-09-19 22:06:11,144 - INFO - --------------- test loss---------------
2024-09-19 22:06:11,144 - INFO - Epoch: 66/300, loss_D_A: 0.165, loss_D_B: 0.162, loss_G: 10.900
2024-09-19 22:06:11,144 - INFO - Epoch: 66/300, loss_gan: 0.878, loss_cyc: 10.018, loss_dep: 0.004
2024-09-19 22:06:11,144 - INFO - ****************************************
2024-09-19 22:06:14,829 - INFO - ---------------train loss---------------
2024-09-19 22:06:14,829 - INFO - Epoch: 67/300, loss_D_A: 0.227, loss_D_B: 0.241, loss_G: 10.773
2024-09-19 22:06:14,829 - INFO - Epoch: 67/300, loss_gan: 0.935, loss_cyc: 9.831, loss_dep: 0.007
2024-09-19 22:06:14,829 - INFO - --------------- test loss---------------
2024-09-19 22:06:14,829 - INFO - Epoch: 67/300, loss_D_A: 0.168, loss_D_B: 0.125, loss_G: 10.354
2024-09-19 22:06:14,829 - INFO - Epoch: 67/300, loss_gan: 0.820, loss_cyc: 9.530, loss_dep: 0.004
2024-09-19 22:06:14,829 - INFO - ****************************************
2024-09-19 22:06:19,817 - INFO - ---------------train loss---------------
2024-09-19 22:06:19,817 - INFO - Epoch: 68/300, loss_D_A: 0.205, loss_D_B: 0.135, loss_G: 10.380
2024-09-19 22:06:19,817 - INFO - Epoch: 68/300, loss_gan: 0.795, loss_cyc: 9.579, loss_dep: 0.006
2024-09-19 22:06:19,817 - INFO - --------------- test loss---------------
2024-09-19 22:06:19,817 - INFO - Epoch: 68/300, loss_D_A: 0.189, loss_D_B: 0.170, loss_G: 10.632
2024-09-19 22:06:19,817 - INFO - Epoch: 68/300, loss_gan: 1.019, loss_cyc: 9.609, loss_dep: 0.004
2024-09-19 22:06:19,817 - INFO - ****************************************
2024-09-19 22:06:23,521 - INFO - ---------------train loss---------------
2024-09-19 22:06:23,522 - INFO - Epoch: 69/300, loss_D_A: 0.199, loss_D_B: 0.208, loss_G: 10.693
2024-09-19 22:06:23,522 - INFO - Epoch: 69/300, loss_gan: 0.972, loss_cyc: 9.715, loss_dep: 0.006
2024-09-19 22:06:23,522 - INFO - --------------- test loss---------------
2024-09-19 22:06:23,522 - INFO - Epoch: 69/300, loss_D_A: 0.155, loss_D_B: 0.135, loss_G: 10.416
2024-09-19 22:06:23,522 - INFO - Epoch: 69/300, loss_gan: 0.874, loss_cyc: 9.538, loss_dep: 0.004
2024-09-19 22:06:23,522 - INFO - ****************************************
2024-09-19 22:06:27,236 - INFO - ---------------train loss---------------
2024-09-19 22:06:27,237 - INFO - Epoch: 70/300, loss_D_A: 0.212, loss_D_B: 0.133, loss_G: 10.485
2024-09-19 22:06:27,237 - INFO - Epoch: 70/300, loss_gan: 0.851, loss_cyc: 9.628, loss_dep: 0.006
2024-09-19 22:06:27,237 - INFO - --------------- test loss---------------
2024-09-19 22:06:27,237 - INFO - Epoch: 70/300, loss_D_A: 0.169, loss_D_B: 0.226, loss_G: 10.143
2024-09-19 22:06:27,237 - INFO - Epoch: 70/300, loss_gan: 0.531, loss_cyc: 9.607, loss_dep: 0.004
2024-09-19 22:06:27,237 - INFO - ****************************************
2024-09-19 22:06:30,961 - INFO - ---------------train loss---------------
2024-09-19 22:06:30,962 - INFO - Epoch: 71/300, loss_D_A: 0.204, loss_D_B: 0.196, loss_G: 10.472
2024-09-19 22:06:30,962 - INFO - Epoch: 71/300, loss_gan: 0.839, loss_cyc: 9.628, loss_dep: 0.006
2024-09-19 22:06:30,962 - INFO - --------------- test loss---------------
2024-09-19 22:06:30,962 - INFO - Epoch: 71/300, loss_D_A: 0.163, loss_D_B: 0.130, loss_G: 10.358
2024-09-19 22:06:30,962 - INFO - Epoch: 71/300, loss_gan: 1.015, loss_cyc: 9.338, loss_dep: 0.004
2024-09-19 22:06:30,962 - INFO - ****************************************
2024-09-19 22:06:34,696 - INFO - ---------------train loss---------------
2024-09-19 22:06:34,696 - INFO - Epoch: 72/300, loss_D_A: 0.199, loss_D_B: 0.160, loss_G: 10.503
2024-09-19 22:06:34,696 - INFO - Epoch: 72/300, loss_gan: 0.866, loss_cyc: 9.631, loss_dep: 0.006
2024-09-19 22:06:34,696 - INFO - --------------- test loss---------------
2024-09-19 22:06:34,696 - INFO - Epoch: 72/300, loss_D_A: 0.219, loss_D_B: 0.198, loss_G: 10.760
2024-09-19 22:06:34,696 - INFO - Epoch: 72/300, loss_gan: 1.153, loss_cyc: 9.602, loss_dep: 0.005
2024-09-19 22:06:34,696 - INFO - ****************************************
2024-09-19 22:06:38,445 - INFO - ---------------train loss---------------
2024-09-19 22:06:38,446 - INFO - Epoch: 73/300, loss_D_A: 0.194, loss_D_B: 0.141, loss_G: 10.593
2024-09-19 22:06:38,446 - INFO - Epoch: 73/300, loss_gan: 0.957, loss_cyc: 9.630, loss_dep: 0.007
2024-09-19 22:06:38,446 - INFO - --------------- test loss---------------
2024-09-19 22:06:38,446 - INFO - Epoch: 73/300, loss_D_A: 0.178, loss_D_B: 0.123, loss_G: 10.714
2024-09-19 22:06:38,446 - INFO - Epoch: 73/300, loss_gan: 1.090, loss_cyc: 9.621, loss_dep: 0.004
2024-09-19 22:06:38,446 - INFO - ****************************************
2024-09-19 22:06:42,222 - INFO - ---------------train loss---------------
2024-09-19 22:06:42,222 - INFO - Epoch: 74/300, loss_D_A: 0.209, loss_D_B: 0.239, loss_G: 10.745
2024-09-19 22:06:42,222 - INFO - Epoch: 74/300, loss_gan: 1.076, loss_cyc: 9.662, loss_dep: 0.007
2024-09-19 22:06:42,222 - INFO - --------------- test loss---------------
2024-09-19 22:06:42,222 - INFO - Epoch: 74/300, loss_D_A: 0.147, loss_D_B: 0.103, loss_G: 10.398
2024-09-19 22:06:42,222 - INFO - Epoch: 74/300, loss_gan: 0.994, loss_cyc: 9.400, loss_dep: 0.004
2024-09-19 22:06:42,222 - INFO - ****************************************
2024-09-19 22:06:46,005 - INFO - ---------------train loss---------------
2024-09-19 22:06:46,005 - INFO - Epoch: 75/300, loss_D_A: 0.198, loss_D_B: 0.143, loss_G: 10.317
2024-09-19 22:06:46,005 - INFO - Epoch: 75/300, loss_gan: 0.764, loss_cyc: 9.546, loss_dep: 0.007
2024-09-19 22:06:46,005 - INFO - --------------- test loss---------------
2024-09-19 22:06:46,005 - INFO - Epoch: 75/300, loss_D_A: 0.189, loss_D_B: 0.130, loss_G: 10.311
2024-09-19 22:06:46,005 - INFO - Epoch: 75/300, loss_gan: 0.957, loss_cyc: 9.351, loss_dep: 0.004
2024-09-19 22:06:46,005 - INFO - ****************************************
2024-09-19 22:06:49,793 - INFO - ---------------train loss---------------
2024-09-19 22:06:49,793 - INFO - Epoch: 76/300, loss_D_A: 0.254, loss_D_B: 0.128, loss_G: 10.501
2024-09-19 22:06:49,793 - INFO - Epoch: 76/300, loss_gan: 0.929, loss_cyc: 9.566, loss_dep: 0.006
2024-09-19 22:06:49,793 - INFO - --------------- test loss---------------
2024-09-19 22:06:49,793 - INFO - Epoch: 76/300, loss_D_A: 0.233, loss_D_B: 0.208, loss_G: 11.085
2024-09-19 22:06:49,793 - INFO - Epoch: 76/300, loss_gan: 1.288, loss_cyc: 9.792, loss_dep: 0.004
2024-09-19 22:06:49,793 - INFO - ****************************************
2024-09-19 22:06:53,592 - INFO - ---------------train loss---------------
2024-09-19 22:06:53,592 - INFO - Epoch: 77/300, loss_D_A: 0.168, loss_D_B: 0.158, loss_G: 10.429
2024-09-19 22:06:53,592 - INFO - Epoch: 77/300, loss_gan: 0.958, loss_cyc: 9.465, loss_dep: 0.006
2024-09-19 22:06:53,592 - INFO - --------------- test loss---------------
2024-09-19 22:06:53,592 - INFO - Epoch: 77/300, loss_D_A: 0.194, loss_D_B: 0.112, loss_G: 10.124
2024-09-19 22:06:53,592 - INFO - Epoch: 77/300, loss_gan: 0.796, loss_cyc: 9.324, loss_dep: 0.004
2024-09-19 22:06:53,592 - INFO - ****************************************
2024-09-19 22:06:57,408 - INFO - ---------------train loss---------------
2024-09-19 22:06:57,408 - INFO - Epoch: 78/300, loss_D_A: 0.202, loss_D_B: 0.130, loss_G: 10.391
2024-09-19 22:06:57,408 - INFO - Epoch: 78/300, loss_gan: 0.841, loss_cyc: 9.545, loss_dep: 0.006
2024-09-19 22:06:57,408 - INFO - --------------- test loss---------------
2024-09-19 22:06:57,408 - INFO - Epoch: 78/300, loss_D_A: 0.245, loss_D_B: 0.131, loss_G: 10.244
2024-09-19 22:06:57,409 - INFO - Epoch: 78/300, loss_gan: 0.758, loss_cyc: 9.483, loss_dep: 0.004
2024-09-19 22:06:57,409 - INFO - ****************************************
2024-09-19 22:07:01,235 - INFO - ---------------train loss---------------
2024-09-19 22:07:01,235 - INFO - Epoch: 79/300, loss_D_A: 0.196, loss_D_B: 0.157, loss_G: 10.469
2024-09-19 22:07:01,235 - INFO - Epoch: 79/300, loss_gan: 0.919, loss_cyc: 9.545, loss_dep: 0.005
2024-09-19 22:07:01,235 - INFO - --------------- test loss---------------
2024-09-19 22:07:01,235 - INFO - Epoch: 79/300, loss_D_A: 0.367, loss_D_B: 0.098, loss_G: 10.474
2024-09-19 22:07:01,236 - INFO - Epoch: 79/300, loss_gan: 0.935, loss_cyc: 9.536, loss_dep: 0.003
2024-09-19 22:07:01,236 - INFO - ****************************************
2024-09-19 22:07:05,078 - INFO - ---------------train loss---------------
2024-09-19 22:07:05,078 - INFO - Epoch: 80/300, loss_D_A: 0.201, loss_D_B: 0.188, loss_G: 10.603
2024-09-19 22:07:05,078 - INFO - Epoch: 80/300, loss_gan: 1.055, loss_cyc: 9.543, loss_dep: 0.005
2024-09-19 22:07:05,078 - INFO - --------------- test loss---------------
2024-09-19 22:07:05,078 - INFO - Epoch: 80/300, loss_D_A: 0.193, loss_D_B: 0.121, loss_G: 9.984
2024-09-19 22:07:05,078 - INFO - Epoch: 80/300, loss_gan: 0.557, loss_cyc: 9.424, loss_dep: 0.004
2024-09-19 22:07:05,078 - INFO - ****************************************
2024-09-19 22:07:08,927 - INFO - ---------------train loss---------------
2024-09-19 22:07:08,928 - INFO - Epoch: 81/300, loss_D_A: 0.223, loss_D_B: 0.125, loss_G: 10.494
2024-09-19 22:07:08,928 - INFO - Epoch: 81/300, loss_gan: 0.901, loss_cyc: 9.588, loss_dep: 0.005
2024-09-19 22:07:08,928 - INFO - --------------- test loss---------------
2024-09-19 22:07:08,928 - INFO - Epoch: 81/300, loss_D_A: 0.393, loss_D_B: 0.113, loss_G: 10.196
2024-09-19 22:07:08,928 - INFO - Epoch: 81/300, loss_gan: 0.603, loss_cyc: 9.589, loss_dep: 0.004
2024-09-19 22:07:08,928 - INFO - ****************************************
2024-09-19 22:07:12,776 - INFO - ---------------train loss---------------
2024-09-19 22:07:12,776 - INFO - Epoch: 82/300, loss_D_A: 0.210, loss_D_B: 0.127, loss_G: 10.414
2024-09-19 22:07:12,776 - INFO - Epoch: 82/300, loss_gan: 0.913, loss_cyc: 9.496, loss_dep: 0.005
2024-09-19 22:07:12,776 - INFO - --------------- test loss---------------
2024-09-19 22:07:12,776 - INFO - Epoch: 82/300, loss_D_A: 0.193, loss_D_B: 0.282, loss_G: 10.324
2024-09-19 22:07:12,776 - INFO - Epoch: 82/300, loss_gan: 0.788, loss_cyc: 9.532, loss_dep: 0.004
2024-09-19 22:07:12,776 - INFO - ****************************************
2024-09-19 22:07:16,644 - INFO - ---------------train loss---------------
2024-09-19 22:07:16,644 - INFO - Epoch: 83/300, loss_D_A: 0.179, loss_D_B: 0.176, loss_G: 10.319
2024-09-19 22:07:16,644 - INFO - Epoch: 83/300, loss_gan: 0.925, loss_cyc: 9.389, loss_dep: 0.005
2024-09-19 22:07:16,644 - INFO - --------------- test loss---------------
2024-09-19 22:07:16,644 - INFO - Epoch: 83/300, loss_D_A: 0.177, loss_D_B: 0.156, loss_G: 10.439
2024-09-19 22:07:16,644 - INFO - Epoch: 83/300, loss_gan: 0.912, loss_cyc: 9.522, loss_dep: 0.004
2024-09-19 22:07:16,644 - INFO - ****************************************
2024-09-19 22:07:20,522 - INFO - ---------------train loss---------------
2024-09-19 22:07:20,522 - INFO - Epoch: 84/300, loss_D_A: 0.286, loss_D_B: 0.164, loss_G: 10.397
2024-09-19 22:07:20,522 - INFO - Epoch: 84/300, loss_gan: 0.979, loss_cyc: 9.413, loss_dep: 0.006
2024-09-19 22:07:20,522 - INFO - --------------- test loss---------------
2024-09-19 22:07:20,522 - INFO - Epoch: 84/300, loss_D_A: 0.164, loss_D_B: 0.106, loss_G: 9.955
2024-09-19 22:07:20,522 - INFO - Epoch: 84/300, loss_gan: 0.799, loss_cyc: 9.152, loss_dep: 0.004
2024-09-19 22:07:20,522 - INFO - ****************************************
2024-09-19 22:07:26,031 - INFO - ---------------train loss---------------
2024-09-19 22:07:26,031 - INFO - Epoch: 85/300, loss_D_A: 0.175, loss_D_B: 0.112, loss_G: 10.145
2024-09-19 22:07:26,031 - INFO - Epoch: 85/300, loss_gan: 0.882, loss_cyc: 9.259, loss_dep: 0.005
2024-09-19 22:07:26,031 - INFO - --------------- test loss---------------
2024-09-19 22:07:26,031 - INFO - Epoch: 85/300, loss_D_A: 0.155, loss_D_B: 0.128, loss_G: 10.452
2024-09-19 22:07:26,031 - INFO - Epoch: 85/300, loss_gan: 0.881, loss_cyc: 9.568, loss_dep: 0.003
2024-09-19 22:07:26,031 - INFO - ****************************************
2024-09-19 22:07:29,929 - INFO - ---------------train loss---------------
2024-09-19 22:07:29,929 - INFO - Epoch: 86/300, loss_D_A: 0.169, loss_D_B: 0.124, loss_G: 10.400
2024-09-19 22:07:29,929 - INFO - Epoch: 86/300, loss_gan: 0.983, loss_cyc: 9.413, loss_dep: 0.004
2024-09-19 22:07:29,929 - INFO - --------------- test loss---------------
2024-09-19 22:07:29,929 - INFO - Epoch: 86/300, loss_D_A: 0.180, loss_D_B: 0.221, loss_G: 10.802
2024-09-19 22:07:29,929 - INFO - Epoch: 86/300, loss_gan: 1.086, loss_cyc: 9.713, loss_dep: 0.003
2024-09-19 22:07:29,929 - INFO - ****************************************
2024-09-19 22:07:33,843 - INFO - ---------------train loss---------------
2024-09-19 22:07:33,844 - INFO - Epoch: 87/300, loss_D_A: 0.188, loss_D_B: 0.135, loss_G: 10.380
2024-09-19 22:07:33,844 - INFO - Epoch: 87/300, loss_gan: 1.003, loss_cyc: 9.372, loss_dep: 0.005
2024-09-19 22:07:33,844 - INFO - --------------- test loss---------------
2024-09-19 22:07:33,844 - INFO - Epoch: 87/300, loss_D_A: 0.181, loss_D_B: 0.145, loss_G: 10.218
2024-09-19 22:07:33,844 - INFO - Epoch: 87/300, loss_gan: 0.851, loss_cyc: 9.364, loss_dep: 0.003
2024-09-19 22:07:33,844 - INFO - ****************************************
2024-09-19 22:07:37,781 - INFO - ---------------train loss---------------
2024-09-19 22:07:37,781 - INFO - Epoch: 88/300, loss_D_A: 0.227, loss_D_B: 0.201, loss_G: 10.460
2024-09-19 22:07:37,781 - INFO - Epoch: 88/300, loss_gan: 1.071, loss_cyc: 9.385, loss_dep: 0.004
2024-09-19 22:07:37,781 - INFO - --------------- test loss---------------
2024-09-19 22:07:37,781 - INFO - Epoch: 88/300, loss_D_A: 0.176, loss_D_B: 0.087, loss_G: 10.107
2024-09-19 22:07:37,781 - INFO - Epoch: 88/300, loss_gan: 0.897, loss_cyc: 9.207, loss_dep: 0.003
2024-09-19 22:07:37,781 - INFO - ****************************************
2024-09-19 22:07:41,749 - INFO - ---------------train loss---------------
2024-09-19 22:07:41,749 - INFO - Epoch: 89/300, loss_D_A: 0.185, loss_D_B: 0.124, loss_G: 10.191
2024-09-19 22:07:41,749 - INFO - Epoch: 89/300, loss_gan: 0.887, loss_cyc: 9.300, loss_dep: 0.004
2024-09-19 22:07:41,749 - INFO - --------------- test loss---------------
2024-09-19 22:07:41,749 - INFO - Epoch: 89/300, loss_D_A: 0.191, loss_D_B: 0.147, loss_G: 10.259
2024-09-19 22:07:41,749 - INFO - Epoch: 89/300, loss_gan: 0.980, loss_cyc: 9.275, loss_dep: 0.003
2024-09-19 22:07:41,749 - INFO - ****************************************
2024-09-19 22:07:45,708 - INFO - ---------------train loss---------------
2024-09-19 22:07:45,708 - INFO - Epoch: 90/300, loss_D_A: 0.275, loss_D_B: 0.181, loss_G: 10.532
2024-09-19 22:07:45,708 - INFO - Epoch: 90/300, loss_gan: 1.073, loss_cyc: 9.454, loss_dep: 0.006
2024-09-19 22:07:45,708 - INFO - --------------- test loss---------------
2024-09-19 22:07:45,708 - INFO - Epoch: 90/300, loss_D_A: 0.266, loss_D_B: 0.093, loss_G: 9.934
2024-09-19 22:07:45,708 - INFO - Epoch: 90/300, loss_gan: 0.687, loss_cyc: 9.242, loss_dep: 0.004
2024-09-19 22:07:45,708 - INFO - ****************************************
2024-09-19 22:07:49,688 - INFO - ---------------train loss---------------
2024-09-19 22:07:49,688 - INFO - Epoch: 91/300, loss_D_A: 0.173, loss_D_B: 0.106, loss_G: 10.054
2024-09-19 22:07:49,688 - INFO - Epoch: 91/300, loss_gan: 0.900, loss_cyc: 9.148, loss_dep: 0.005
2024-09-19 22:07:49,688 - INFO - --------------- test loss---------------
2024-09-19 22:07:49,688 - INFO - Epoch: 91/300, loss_D_A: 0.193, loss_D_B: 0.125, loss_G: 10.263
2024-09-19 22:07:49,688 - INFO - Epoch: 91/300, loss_gan: 0.987, loss_cyc: 9.272, loss_dep: 0.004
2024-09-19 22:07:49,688 - INFO - ****************************************
2024-09-19 22:07:53,683 - INFO - ---------------train loss---------------
2024-09-19 22:07:53,683 - INFO - Epoch: 92/300, loss_D_A: 0.187, loss_D_B: 0.130, loss_G: 10.282
2024-09-19 22:07:53,683 - INFO - Epoch: 92/300, loss_gan: 0.988, loss_cyc: 9.289, loss_dep: 0.005
2024-09-19 22:07:53,683 - INFO - --------------- test loss---------------
2024-09-19 22:07:53,683 - INFO - Epoch: 92/300, loss_D_A: 0.177, loss_D_B: 0.100, loss_G: 10.208
2024-09-19 22:07:53,683 - INFO - Epoch: 92/300, loss_gan: 0.970, loss_cyc: 9.235, loss_dep: 0.003
2024-09-19 22:07:53,683 - INFO - ****************************************
2024-09-19 22:07:57,679 - INFO - ---------------train loss---------------
2024-09-19 22:07:57,679 - INFO - Epoch: 93/300, loss_D_A: 0.212, loss_D_B: 0.116, loss_G: 10.275
2024-09-19 22:07:57,679 - INFO - Epoch: 93/300, loss_gan: 0.921, loss_cyc: 9.350, loss_dep: 0.004
2024-09-19 22:07:57,679 - INFO - --------------- test loss---------------
2024-09-19 22:07:57,679 - INFO - Epoch: 93/300, loss_D_A: 0.191, loss_D_B: 0.125, loss_G: 10.706
2024-09-19 22:07:57,679 - INFO - Epoch: 93/300, loss_gan: 1.281, loss_cyc: 9.422, loss_dep: 0.003
2024-09-19 22:07:57,679 - INFO - ****************************************
2024-09-19 22:08:01,687 - INFO - ---------------train loss---------------
2024-09-19 22:08:01,687 - INFO - Epoch: 94/300, loss_D_A: 0.178, loss_D_B: 0.139, loss_G: 10.341
2024-09-19 22:08:01,687 - INFO - Epoch: 94/300, loss_gan: 1.018, loss_cyc: 9.319, loss_dep: 0.004
2024-09-19 22:08:01,687 - INFO - --------------- test loss---------------
2024-09-19 22:08:01,687 - INFO - Epoch: 94/300, loss_D_A: 0.177, loss_D_B: 0.139, loss_G: 10.133
2024-09-19 22:08:01,687 - INFO - Epoch: 94/300, loss_gan: 0.764, loss_cyc: 9.366, loss_dep: 0.003
2024-09-19 22:08:01,687 - INFO - ****************************************
2024-09-19 22:08:05,706 - INFO - ---------------train loss---------------
2024-09-19 22:08:05,706 - INFO - Epoch: 95/300, loss_D_A: 0.236, loss_D_B: 0.117, loss_G: 10.400
2024-09-19 22:08:05,706 - INFO - Epoch: 95/300, loss_gan: 1.014, loss_cyc: 9.381, loss_dep: 0.005
2024-09-19 22:08:05,706 - INFO - --------------- test loss---------------
2024-09-19 22:08:05,706 - INFO - Epoch: 95/300, loss_D_A: 0.169, loss_D_B: 0.105, loss_G: 10.115
2024-09-19 22:08:05,706 - INFO - Epoch: 95/300, loss_gan: 0.979, loss_cyc: 9.133, loss_dep: 0.003
2024-09-19 22:08:05,706 - INFO - ****************************************
2024-09-19 22:08:09,738 - INFO - ---------------train loss---------------
2024-09-19 22:08:09,739 - INFO - Epoch: 96/300, loss_D_A: 0.197, loss_D_B: 0.127, loss_G: 10.194
2024-09-19 22:08:09,739 - INFO - Epoch: 96/300, loss_gan: 0.916, loss_cyc: 9.274, loss_dep: 0.004
2024-09-19 22:08:09,739 - INFO - --------------- test loss---------------
2024-09-19 22:08:09,739 - INFO - Epoch: 96/300, loss_D_A: 0.284, loss_D_B: 0.277, loss_G: 10.885
2024-09-19 22:08:09,739 - INFO - Epoch: 96/300, loss_gan: 1.712, loss_cyc: 9.170, loss_dep: 0.003
2024-09-19 22:08:09,739 - INFO - ****************************************
2024-09-19 22:08:13,793 - INFO - ---------------train loss---------------
2024-09-19 22:08:13,793 - INFO - Epoch: 97/300, loss_D_A: 0.198, loss_D_B: 0.161, loss_G: 10.348
2024-09-19 22:08:13,793 - INFO - Epoch: 97/300, loss_gan: 1.102, loss_cyc: 9.242, loss_dep: 0.004
2024-09-19 22:08:13,793 - INFO - --------------- test loss---------------
2024-09-19 22:08:13,793 - INFO - Epoch: 97/300, loss_D_A: 0.336, loss_D_B: 0.097, loss_G: 9.827
2024-09-19 22:08:13,793 - INFO - Epoch: 97/300, loss_gan: 0.681, loss_cyc: 9.142, loss_dep: 0.003
2024-09-19 22:08:13,793 - INFO - ****************************************
2024-09-19 22:08:17,850 - INFO - ---------------train loss---------------
2024-09-19 22:08:17,850 - INFO - Epoch: 98/300, loss_D_A: 0.233, loss_D_B: 0.121, loss_G: 10.107
2024-09-19 22:08:17,850 - INFO - Epoch: 98/300, loss_gan: 0.968, loss_cyc: 9.135, loss_dep: 0.004
2024-09-19 22:08:17,850 - INFO - --------------- test loss---------------
2024-09-19 22:08:17,850 - INFO - Epoch: 98/300, loss_D_A: 0.223, loss_D_B: 0.113, loss_G: 10.113
2024-09-19 22:08:17,850 - INFO - Epoch: 98/300, loss_gan: 0.826, loss_cyc: 9.284, loss_dep: 0.003
2024-09-19 22:08:17,850 - INFO - ****************************************
2024-09-19 22:08:21,929 - INFO - ---------------train loss---------------
2024-09-19 22:08:21,929 - INFO - Epoch: 99/300, loss_D_A: 0.189, loss_D_B: 0.111, loss_G: 10.165
2024-09-19 22:08:21,929 - INFO - Epoch: 99/300, loss_gan: 0.933, loss_cyc: 9.228, loss_dep: 0.004
2024-09-19 22:08:21,929 - INFO - --------------- test loss---------------
2024-09-19 22:08:21,929 - INFO - Epoch: 99/300, loss_D_A: 0.232, loss_D_B: 0.105, loss_G: 10.102
2024-09-19 22:08:21,929 - INFO - Epoch: 99/300, loss_gan: 0.867, loss_cyc: 9.233, loss_dep: 0.003
2024-09-19 22:08:21,929 - INFO - ****************************************
2024-09-19 22:08:26,026 - INFO - ---------------train loss---------------
2024-09-19 22:08:26,026 - INFO - Epoch: 100/300, loss_D_A: 0.219, loss_D_B: 0.161, loss_G: 10.245
2024-09-19 22:08:26,026 - INFO - Epoch: 100/300, loss_gan: 0.998, loss_cyc: 9.244, loss_dep: 0.004
2024-09-19 22:08:26,026 - INFO - --------------- test loss---------------
2024-09-19 22:08:26,026 - INFO - Epoch: 100/300, loss_D_A: 0.193, loss_D_B: 0.108, loss_G: 9.916
2024-09-19 22:08:26,026 - INFO - Epoch: 100/300, loss_gan: 0.828, loss_cyc: 9.085, loss_dep: 0.003
2024-09-19 22:08:26,026 - INFO - ****************************************
2024-09-19 22:08:30,124 - INFO - ---------------train loss---------------
2024-09-19 22:08:30,124 - INFO - Epoch: 101/300, loss_D_A: 0.193, loss_D_B: 0.102, loss_G: 10.069
2024-09-19 22:08:30,124 - INFO - Epoch: 101/300, loss_gan: 0.899, loss_cyc: 9.166, loss_dep: 0.004
2024-09-19 22:08:30,125 - INFO - --------------- test loss---------------
2024-09-19 22:08:30,125 - INFO - Epoch: 101/300, loss_D_A: 0.238, loss_D_B: 0.135, loss_G: 10.375
2024-09-19 22:08:30,125 - INFO - Epoch: 101/300, loss_gan: 1.092, loss_cyc: 9.280, loss_dep: 0.003
2024-09-19 22:08:30,125 - INFO - ****************************************
2024-09-19 22:08:34,241 - INFO - ---------------train loss---------------
2024-09-19 22:08:34,241 - INFO - Epoch: 102/300, loss_D_A: 0.285, loss_D_B: 0.162, loss_G: 10.580
2024-09-19 22:08:34,241 - INFO - Epoch: 102/300, loss_gan: 1.107, loss_cyc: 9.468, loss_dep: 0.006
2024-09-19 22:08:34,241 - INFO - --------------- test loss---------------
2024-09-19 22:08:34,241 - INFO - Epoch: 102/300, loss_D_A: 0.167, loss_D_B: 0.092, loss_G: 10.033
2024-09-19 22:08:34,241 - INFO - Epoch: 102/300, loss_gan: 1.018, loss_cyc: 9.011, loss_dep: 0.004
2024-09-19 22:08:34,241 - INFO - ****************************************
2024-09-19 22:08:38,371 - INFO - ---------------train loss---------------
2024-09-19 22:08:38,371 - INFO - Epoch: 103/300, loss_D_A: 0.190, loss_D_B: 0.104, loss_G: 10.094
2024-09-19 22:08:38,371 - INFO - Epoch: 103/300, loss_gan: 0.940, loss_cyc: 9.149, loss_dep: 0.005
2024-09-19 22:08:38,371 - INFO - --------------- test loss---------------
2024-09-19 22:08:38,371 - INFO - Epoch: 103/300, loss_D_A: 0.192, loss_D_B: 0.104, loss_G: 10.009
2024-09-19 22:08:38,371 - INFO - Epoch: 103/300, loss_gan: 0.867, loss_cyc: 9.139, loss_dep: 0.003
2024-09-19 22:08:38,371 - INFO - ****************************************
2024-09-19 22:08:42,513 - INFO - ---------------train loss---------------
2024-09-19 22:08:42,513 - INFO - Epoch: 104/300, loss_D_A: 0.180, loss_D_B: 0.109, loss_G: 10.073
2024-09-19 22:08:42,513 - INFO - Epoch: 104/300, loss_gan: 0.904, loss_cyc: 9.165, loss_dep: 0.004
2024-09-19 22:08:42,513 - INFO - --------------- test loss---------------
2024-09-19 22:08:42,513 - INFO - Epoch: 104/300, loss_D_A: 0.181, loss_D_B: 0.101, loss_G: 9.996
2024-09-19 22:08:42,513 - INFO - Epoch: 104/300, loss_gan: 0.864, loss_cyc: 9.129, loss_dep: 0.003
2024-09-19 22:08:42,513 - INFO - ****************************************
2024-09-19 22:08:46,683 - INFO - ---------------train loss---------------
2024-09-19 22:08:46,683 - INFO - Epoch: 105/300, loss_D_A: 0.272, loss_D_B: 0.139, loss_G: 10.200
2024-09-19 22:08:46,683 - INFO - Epoch: 105/300, loss_gan: 1.026, loss_cyc: 9.170, loss_dep: 0.004
2024-09-19 22:08:46,683 - INFO - --------------- test loss---------------
2024-09-19 22:08:46,683 - INFO - Epoch: 105/300, loss_D_A: 0.178, loss_D_B: 0.106, loss_G: 10.143
2024-09-19 22:08:46,683 - INFO - Epoch: 105/300, loss_gan: 1.181, loss_cyc: 8.959, loss_dep: 0.003
2024-09-19 22:08:46,683 - INFO - ****************************************
2024-09-19 22:08:50,850 - INFO - ---------------train loss---------------
2024-09-19 22:08:50,850 - INFO - Epoch: 106/300, loss_D_A: 0.173, loss_D_B: 0.120, loss_G: 9.936
2024-09-19 22:08:50,850 - INFO - Epoch: 106/300, loss_gan: 0.933, loss_cyc: 9.000, loss_dep: 0.004
2024-09-19 22:08:50,850 - INFO - --------------- test loss---------------
2024-09-19 22:08:50,850 - INFO - Epoch: 106/300, loss_D_A: 0.177, loss_D_B: 0.105, loss_G: 10.066
2024-09-19 22:08:50,850 - INFO - Epoch: 106/300, loss_gan: 1.025, loss_cyc: 9.038, loss_dep: 0.003
2024-09-19 22:08:50,850 - INFO - ****************************************
2024-09-19 22:08:57,033 - INFO - ---------------train loss---------------
2024-09-19 22:08:57,033 - INFO - Epoch: 107/300, loss_D_A: 0.203, loss_D_B: 0.144, loss_G: 9.987
2024-09-19 22:08:57,033 - INFO - Epoch: 107/300, loss_gan: 0.927, loss_cyc: 9.057, loss_dep: 0.003
2024-09-19 22:08:57,033 - INFO - --------------- test loss---------------
2024-09-19 22:08:57,033 - INFO - Epoch: 107/300, loss_D_A: 0.207, loss_D_B: 0.143, loss_G: 10.523
2024-09-19 22:08:57,033 - INFO - Epoch: 107/300, loss_gan: 1.102, loss_cyc: 9.417, loss_dep: 0.003
2024-09-19 22:08:57,033 - INFO - ****************************************
2024-09-19 22:09:01,233 - INFO - ---------------train loss---------------
2024-09-19 22:09:01,233 - INFO - Epoch: 108/300, loss_D_A: 0.196, loss_D_B: 0.103, loss_G: 9.968
2024-09-19 22:09:01,233 - INFO - Epoch: 108/300, loss_gan: 0.947, loss_cyc: 9.017, loss_dep: 0.004
2024-09-19 22:09:01,233 - INFO - --------------- test loss---------------
2024-09-19 22:09:01,233 - INFO - Epoch: 108/300, loss_D_A: 0.209, loss_D_B: 0.097, loss_G: 10.130
2024-09-19 22:09:01,233 - INFO - Epoch: 108/300, loss_gan: 0.975, loss_cyc: 9.152, loss_dep: 0.003
2024-09-19 22:09:01,233 - INFO - ****************************************
2024-09-19 22:09:05,444 - INFO - ---------------train loss---------------
2024-09-19 22:09:05,444 - INFO - Epoch: 109/300, loss_D_A: 0.207, loss_D_B: 0.114, loss_G: 10.005
2024-09-19 22:09:05,444 - INFO - Epoch: 109/300, loss_gan: 0.976, loss_cyc: 9.026, loss_dep: 0.004
2024-09-19 22:09:05,444 - INFO - --------------- test loss---------------
2024-09-19 22:09:05,444 - INFO - Epoch: 109/300, loss_D_A: 0.491, loss_D_B: 0.106, loss_G: 9.973
2024-09-19 22:09:05,444 - INFO - Epoch: 109/300, loss_gan: 0.788, loss_cyc: 9.182, loss_dep: 0.003
2024-09-19 22:09:05,444 - INFO - ****************************************
2024-09-19 22:09:09,679 - INFO - ---------------train loss---------------
2024-09-19 22:09:09,679 - INFO - Epoch: 110/300, loss_D_A: 0.279, loss_D_B: 0.109, loss_G: 10.131
2024-09-19 22:09:09,679 - INFO - Epoch: 110/300, loss_gan: 1.079, loss_cyc: 9.049, loss_dep: 0.004
2024-09-19 22:09:09,679 - INFO - --------------- test loss---------------
2024-09-19 22:09:09,679 - INFO - Epoch: 110/300, loss_D_A: 0.187, loss_D_B: 0.089, loss_G: 9.771
2024-09-19 22:09:09,679 - INFO - Epoch: 110/300, loss_gan: 0.853, loss_cyc: 8.915, loss_dep: 0.003
2024-09-19 22:09:09,679 - INFO - ****************************************
2024-09-19 22:09:13,926 - INFO - ---------------train loss---------------
2024-09-19 22:09:13,926 - INFO - Epoch: 111/300, loss_D_A: 0.182, loss_D_B: 0.139, loss_G: 9.924
2024-09-19 22:09:13,926 - INFO - Epoch: 111/300, loss_gan: 0.937, loss_cyc: 8.983, loss_dep: 0.003
2024-09-19 22:09:13,926 - INFO - --------------- test loss---------------
2024-09-19 22:09:13,927 - INFO - Epoch: 111/300, loss_D_A: 0.186, loss_D_B: 0.294, loss_G: 10.803
2024-09-19 22:09:13,927 - INFO - Epoch: 111/300, loss_gan: 1.883, loss_cyc: 8.917, loss_dep: 0.003
2024-09-19 22:09:13,927 - INFO - ****************************************
2024-09-19 22:09:18,182 - INFO - ---------------train loss---------------
2024-09-19 22:09:18,183 - INFO - Epoch: 112/300, loss_D_A: 0.190, loss_D_B: 0.148, loss_G: 9.967
2024-09-19 22:09:18,183 - INFO - Epoch: 112/300, loss_gan: 1.041, loss_cyc: 8.923, loss_dep: 0.004
2024-09-19 22:09:18,183 - INFO - --------------- test loss---------------
2024-09-19 22:09:18,183 - INFO - Epoch: 112/300, loss_D_A: 0.233, loss_D_B: 0.127, loss_G: 9.374
2024-09-19 22:09:18,183 - INFO - Epoch: 112/300, loss_gan: 0.566, loss_cyc: 8.806, loss_dep: 0.003
2024-09-19 22:09:18,183 - INFO - ****************************************
2024-09-19 22:09:22,467 - INFO - ---------------train loss---------------
2024-09-19 22:09:22,467 - INFO - Epoch: 113/300, loss_D_A: 0.221, loss_D_B: 0.104, loss_G: 9.885
2024-09-19 22:09:22,467 - INFO - Epoch: 113/300, loss_gan: 0.969, loss_cyc: 8.912, loss_dep: 0.004
2024-09-19 22:09:22,467 - INFO - --------------- test loss---------------
2024-09-19 22:09:22,468 - INFO - Epoch: 113/300, loss_D_A: 0.212, loss_D_B: 0.097, loss_G: 9.874
2024-09-19 22:09:22,468 - INFO - Epoch: 113/300, loss_gan: 0.953, loss_cyc: 8.918, loss_dep: 0.003
2024-09-19 22:09:22,468 - INFO - ****************************************
2024-09-19 22:09:26,781 - INFO - ---------------train loss---------------
2024-09-19 22:09:26,782 - INFO - Epoch: 114/300, loss_D_A: 0.192, loss_D_B: 0.104, loss_G: 9.981
2024-09-19 22:09:26,782 - INFO - Epoch: 114/300, loss_gan: 0.989, loss_cyc: 8.989, loss_dep: 0.004
2024-09-19 22:09:26,782 - INFO - --------------- test loss---------------
2024-09-19 22:09:26,782 - INFO - Epoch: 114/300, loss_D_A: 0.308, loss_D_B: 0.110, loss_G: 9.517
2024-09-19 22:09:26,782 - INFO - Epoch: 114/300, loss_gan: 0.515, loss_cyc: 8.999, loss_dep: 0.003
2024-09-19 22:09:26,782 - INFO - ****************************************
2024-09-19 22:09:31,102 - INFO - ---------------train loss---------------
2024-09-19 22:09:31,102 - INFO - Epoch: 115/300, loss_D_A: 0.213, loss_D_B: 0.116, loss_G: 9.839
2024-09-19 22:09:31,102 - INFO - Epoch: 115/300, loss_gan: 0.929, loss_cyc: 8.907, loss_dep: 0.003
2024-09-19 22:09:31,102 - INFO - --------------- test loss---------------
2024-09-19 22:09:31,102 - INFO - Epoch: 115/300, loss_D_A: 0.224, loss_D_B: 0.206, loss_G: 10.377
2024-09-19 22:09:31,102 - INFO - Epoch: 115/300, loss_gan: 1.462, loss_cyc: 8.912, loss_dep: 0.003
2024-09-19 22:09:31,102 - INFO - ****************************************
2024-09-19 22:09:35,429 - INFO - ---------------train loss---------------
2024-09-19 22:09:35,430 - INFO - Epoch: 116/300, loss_D_A: 0.233, loss_D_B: 0.163, loss_G: 9.982
2024-09-19 22:09:35,430 - INFO - Epoch: 116/300, loss_gan: 1.075, loss_cyc: 8.904, loss_dep: 0.003
2024-09-19 22:09:35,430 - INFO - --------------- test loss---------------
2024-09-19 22:09:35,430 - INFO - Epoch: 116/300, loss_D_A: 0.182, loss_D_B: 0.100, loss_G: 9.740
2024-09-19 22:09:35,430 - INFO - Epoch: 116/300, loss_gan: 0.873, loss_cyc: 8.865, loss_dep: 0.003
2024-09-19 22:09:35,430 - INFO - ****************************************
2024-09-19 22:09:39,772 - INFO - ---------------train loss---------------
2024-09-19 22:09:39,772 - INFO - Epoch: 117/300, loss_D_A: 0.187, loss_D_B: 0.116, loss_G: 9.801
2024-09-19 22:09:39,772 - INFO - Epoch: 117/300, loss_gan: 0.918, loss_cyc: 8.880, loss_dep: 0.003
2024-09-19 22:09:39,772 - INFO - --------------- test loss---------------
2024-09-19 22:09:39,772 - INFO - Epoch: 117/300, loss_D_A: 0.247, loss_D_B: 0.099, loss_G: 9.553
2024-09-19 22:09:39,772 - INFO - Epoch: 117/300, loss_gan: 0.607, loss_cyc: 8.943, loss_dep: 0.003
2024-09-19 22:09:39,772 - INFO - ****************************************
2024-09-19 22:09:44,136 - INFO - ---------------train loss---------------
2024-09-19 22:09:44,136 - INFO - Epoch: 118/300, loss_D_A: 0.224, loss_D_B: 0.110, loss_G: 9.814
2024-09-19 22:09:44,136 - INFO - Epoch: 118/300, loss_gan: 0.971, loss_cyc: 8.839, loss_dep: 0.003
2024-09-19 22:09:44,136 - INFO - --------------- test loss---------------
2024-09-19 22:09:44,136 - INFO - Epoch: 118/300, loss_D_A: 0.186, loss_D_B: 0.109, loss_G: 10.008
2024-09-19 22:09:44,136 - INFO - Epoch: 118/300, loss_gan: 1.180, loss_cyc: 8.824, loss_dep: 0.003
2024-09-19 22:09:44,136 - INFO - ****************************************
2024-09-19 22:09:48,526 - INFO - ---------------train loss---------------
2024-09-19 22:09:48,527 - INFO - Epoch: 119/300, loss_D_A: 0.191, loss_D_B: 0.108, loss_G: 9.773
2024-09-19 22:09:48,527 - INFO - Epoch: 119/300, loss_gan: 0.949, loss_cyc: 8.821, loss_dep: 0.003
2024-09-19 22:09:48,527 - INFO - --------------- test loss---------------
2024-09-19 22:09:48,527 - INFO - Epoch: 119/300, loss_D_A: 0.186, loss_D_B: 0.109, loss_G: 9.887
2024-09-19 22:09:48,527 - INFO - Epoch: 119/300, loss_gan: 0.979, loss_cyc: 8.906, loss_dep: 0.003
2024-09-19 22:09:48,527 - INFO - ****************************************
2024-09-19 22:09:52,922 - INFO - ---------------train loss---------------
2024-09-19 22:09:52,922 - INFO - Epoch: 120/300, loss_D_A: 0.256, loss_D_B: 0.101, loss_G: 10.031
2024-09-19 22:09:52,922 - INFO - Epoch: 120/300, loss_gan: 1.059, loss_cyc: 8.968, loss_dep: 0.004
2024-09-19 22:09:52,922 - INFO - --------------- test loss---------------
2024-09-19 22:09:52,922 - INFO - Epoch: 120/300, loss_D_A: 0.431, loss_D_B: 0.082, loss_G: 10.522
2024-09-19 22:09:52,922 - INFO - Epoch: 120/300, loss_gan: 0.808, loss_cyc: 9.710, loss_dep: 0.004
2024-09-19 22:09:52,922 - INFO - ****************************************
2024-09-19 22:09:57,333 - INFO - ---------------train loss---------------
2024-09-19 22:09:57,334 - INFO - Epoch: 121/300, loss_D_A: 0.204, loss_D_B: 0.089, loss_G: 10.088
2024-09-19 22:09:57,334 - INFO - Epoch: 121/300, loss_gan: 1.018, loss_cyc: 9.065, loss_dep: 0.005
2024-09-19 22:09:57,334 - INFO - --------------- test loss---------------
2024-09-19 22:09:57,334 - INFO - Epoch: 121/300, loss_D_A: 0.160, loss_D_B: 0.090, loss_G: 10.078
2024-09-19 22:09:57,334 - INFO - Epoch: 121/300, loss_gan: 1.022, loss_cyc: 9.053, loss_dep: 0.003
2024-09-19 22:09:57,334 - INFO - ****************************************
2024-09-19 22:10:01,758 - INFO - ---------------train loss---------------
2024-09-19 22:10:01,758 - INFO - Epoch: 122/300, loss_D_A: 0.145, loss_D_B: 0.088, loss_G: 10.030
2024-09-19 22:10:01,758 - INFO - Epoch: 122/300, loss_gan: 1.039, loss_cyc: 8.987, loss_dep: 0.004
2024-09-19 22:10:01,758 - INFO - --------------- test loss---------------
2024-09-19 22:10:01,758 - INFO - Epoch: 122/300, loss_D_A: 0.121, loss_D_B: 0.085, loss_G: 10.359
2024-09-19 22:10:01,758 - INFO - Epoch: 122/300, loss_gan: 1.354, loss_cyc: 9.002, loss_dep: 0.003
2024-09-19 22:10:01,758 - INFO - ****************************************
2024-09-19 22:10:06,207 - INFO - ---------------train loss---------------
2024-09-19 22:10:06,207 - INFO - Epoch: 123/300, loss_D_A: 0.123, loss_D_B: 0.150, loss_G: 10.269
2024-09-19 22:10:06,207 - INFO - Epoch: 123/300, loss_gan: 1.186, loss_cyc: 9.080, loss_dep: 0.004
2024-09-19 22:10:06,207 - INFO - --------------- test loss---------------
2024-09-19 22:10:06,207 - INFO - Epoch: 123/300, loss_D_A: 0.255, loss_D_B: 0.105, loss_G: 10.562
2024-09-19 22:10:06,207 - INFO - Epoch: 123/300, loss_gan: 1.215, loss_cyc: 9.345, loss_dep: 0.003
2024-09-19 22:10:06,207 - INFO - ****************************************
2024-09-19 22:10:10,682 - INFO - ---------------train loss---------------
2024-09-19 22:10:10,682 - INFO - Epoch: 124/300, loss_D_A: 0.440, loss_D_B: 0.166, loss_G: 10.510
2024-09-19 22:10:10,682 - INFO - Epoch: 124/300, loss_gan: 1.314, loss_cyc: 9.193, loss_dep: 0.003
2024-09-19 22:10:10,682 - INFO - --------------- test loss---------------
2024-09-19 22:10:10,682 - INFO - Epoch: 124/300, loss_D_A: 0.129, loss_D_B: 0.186, loss_G: 9.361
2024-09-19 22:10:10,682 - INFO - Epoch: 124/300, loss_gan: 0.629, loss_cyc: 8.729, loss_dep: 0.003
2024-09-19 22:10:10,682 - INFO - ****************************************
2024-09-19 22:10:15,187 - INFO - ---------------train loss---------------
2024-09-19 22:10:15,187 - INFO - Epoch: 125/300, loss_D_A: 0.187, loss_D_B: 0.231, loss_G: 9.393
2024-09-19 22:10:15,187 - INFO - Epoch: 125/300, loss_gan: 0.699, loss_cyc: 8.691, loss_dep: 0.003
2024-09-19 22:10:15,187 - INFO - --------------- test loss---------------
2024-09-19 22:10:15,187 - INFO - Epoch: 125/300, loss_D_A: 0.252, loss_D_B: 0.271, loss_G: 9.102
2024-09-19 22:10:15,187 - INFO - Epoch: 125/300, loss_gan: 0.382, loss_cyc: 8.717, loss_dep: 0.003
2024-09-19 22:10:15,187 - INFO - ****************************************
2024-09-19 22:10:19,704 - INFO - ---------------train loss---------------
2024-09-19 22:10:19,704 - INFO - Epoch: 126/300, loss_D_A: 0.215, loss_D_B: 0.161, loss_G: 9.430
2024-09-19 22:10:19,704 - INFO - Epoch: 126/300, loss_gan: 0.699, loss_cyc: 8.727, loss_dep: 0.004
2024-09-19 22:10:19,704 - INFO - --------------- test loss---------------
2024-09-19 22:10:19,704 - INFO - Epoch: 126/300, loss_D_A: 0.193, loss_D_B: 0.107, loss_G: 9.681
2024-09-19 22:10:19,704 - INFO - Epoch: 126/300, loss_gan: 0.976, loss_cyc: 8.703, loss_dep: 0.003
2024-09-19 22:10:19,704 - INFO - ****************************************
2024-09-19 22:10:24,223 - INFO - ---------------train loss---------------
2024-09-19 22:10:24,223 - INFO - Epoch: 127/300, loss_D_A: 0.179, loss_D_B: 0.097, loss_G: 9.672
2024-09-19 22:10:24,223 - INFO - Epoch: 127/300, loss_gan: 0.911, loss_cyc: 8.758, loss_dep: 0.003
2024-09-19 22:10:24,223 - INFO - --------------- test loss---------------
2024-09-19 22:10:24,223 - INFO - Epoch: 127/300, loss_D_A: 0.197, loss_D_B: 0.081, loss_G: 9.846
2024-09-19 22:10:24,223 - INFO - Epoch: 127/300, loss_gan: 1.066, loss_cyc: 8.777, loss_dep: 0.002
2024-09-19 22:10:24,223 - INFO - ****************************************
2024-09-19 22:10:28,760 - INFO - ---------------train loss---------------
2024-09-19 22:10:28,760 - INFO - Epoch: 128/300, loss_D_A: 0.207, loss_D_B: 0.188, loss_G: 9.489
2024-09-19 22:10:28,760 - INFO - Epoch: 128/300, loss_gan: 0.725, loss_cyc: 8.761, loss_dep: 0.003
2024-09-19 22:10:28,760 - INFO - --------------- test loss---------------
2024-09-19 22:10:28,760 - INFO - Epoch: 128/300, loss_D_A: 0.226, loss_D_B: 0.219, loss_G: 9.584
2024-09-19 22:10:28,760 - INFO - Epoch: 128/300, loss_gan: 0.939, loss_cyc: 8.643, loss_dep: 0.003
2024-09-19 22:10:28,760 - INFO - ****************************************
2024-09-19 22:10:33,320 - INFO - ---------------train loss---------------
2024-09-19 22:10:33,320 - INFO - Epoch: 129/300, loss_D_A: 0.227, loss_D_B: 0.358, loss_G: 9.624
2024-09-19 22:10:33,320 - INFO - Epoch: 129/300, loss_gan: 0.927, loss_cyc: 8.693, loss_dep: 0.004
2024-09-19 22:10:33,320 - INFO - --------------- test loss---------------
2024-09-19 22:10:33,320 - INFO - Epoch: 129/300, loss_D_A: 0.222, loss_D_B: 0.119, loss_G: 9.429
2024-09-19 22:10:33,320 - INFO - Epoch: 129/300, loss_gan: 0.767, loss_cyc: 8.659, loss_dep: 0.003
2024-09-19 22:10:33,320 - INFO - ****************************************
2024-09-19 22:10:37,893 - INFO - ---------------train loss---------------
2024-09-19 22:10:37,893 - INFO - Epoch: 130/300, loss_D_A: 0.197, loss_D_B: 0.092, loss_G: 9.451
2024-09-19 22:10:37,893 - INFO - Epoch: 130/300, loss_gan: 0.857, loss_cyc: 8.591, loss_dep: 0.003
2024-09-19 22:10:37,893 - INFO - --------------- test loss---------------
2024-09-19 22:10:37,893 - INFO - Epoch: 130/300, loss_D_A: 0.194, loss_D_B: 0.083, loss_G: 9.750
2024-09-19 22:10:37,893 - INFO - Epoch: 130/300, loss_gan: 0.891, loss_cyc: 8.856, loss_dep: 0.002
2024-09-19 22:10:37,893 - INFO - ****************************************
2024-09-19 22:10:42,490 - INFO - ---------------train loss---------------
2024-09-19 22:10:42,491 - INFO - Epoch: 131/300, loss_D_A: 0.254, loss_D_B: 0.192, loss_G: 9.552
2024-09-19 22:10:42,491 - INFO - Epoch: 131/300, loss_gan: 0.799, loss_cyc: 8.750, loss_dep: 0.003
2024-09-19 22:10:42,491 - INFO - --------------- test loss---------------
2024-09-19 22:10:42,491 - INFO - Epoch: 131/300, loss_D_A: 0.478, loss_D_B: 0.140, loss_G: 10.476
2024-09-19 22:10:42,491 - INFO - Epoch: 131/300, loss_gan: 1.791, loss_cyc: 8.683, loss_dep: 0.002
2024-09-19 22:10:42,491 - INFO - ****************************************
2024-09-19 22:10:47,115 - INFO - ---------------train loss---------------
2024-09-19 22:10:47,115 - INFO - Epoch: 132/300, loss_D_A: 0.236, loss_D_B: 0.174, loss_G: 9.400
2024-09-19 22:10:47,115 - INFO - Epoch: 132/300, loss_gan: 0.834, loss_cyc: 8.563, loss_dep: 0.003
2024-09-19 22:10:47,115 - INFO - --------------- test loss---------------
2024-09-19 22:10:47,115 - INFO - Epoch: 132/300, loss_D_A: 0.213, loss_D_B: 0.161, loss_G: 9.233
2024-09-19 22:10:47,116 - INFO - Epoch: 132/300, loss_gan: 0.627, loss_cyc: 8.604, loss_dep: 0.002
2024-09-19 22:10:47,116 - INFO - ****************************************
2024-09-19 22:10:51,753 - INFO - ---------------train loss---------------
2024-09-19 22:10:51,754 - INFO - Epoch: 133/300, loss_D_A: 0.197, loss_D_B: 0.135, loss_G: 9.323
2024-09-19 22:10:51,754 - INFO - Epoch: 133/300, loss_gan: 0.741, loss_cyc: 8.579, loss_dep: 0.003
2024-09-19 22:10:51,754 - INFO - --------------- test loss---------------
2024-09-19 22:10:51,754 - INFO - Epoch: 133/300, loss_D_A: 0.166, loss_D_B: 0.165, loss_G: 9.352
2024-09-19 22:10:51,754 - INFO - Epoch: 133/300, loss_gan: 0.700, loss_cyc: 8.650, loss_dep: 0.002
2024-09-19 22:10:51,754 - INFO - ****************************************
2024-09-19 22:10:58,890 - INFO - ---------------train loss---------------
2024-09-19 22:10:58,891 - INFO - Epoch: 134/300, loss_D_A: 0.181, loss_D_B: 0.262, loss_G: 9.625
2024-09-19 22:10:58,891 - INFO - Epoch: 134/300, loss_gan: 0.930, loss_cyc: 8.692, loss_dep: 0.003
2024-09-19 22:10:58,891 - INFO - --------------- test loss---------------
2024-09-19 22:10:58,891 - INFO - Epoch: 134/300, loss_D_A: 0.192, loss_D_B: 0.137, loss_G: 9.659
2024-09-19 22:10:58,891 - INFO - Epoch: 134/300, loss_gan: 1.041, loss_cyc: 8.615, loss_dep: 0.003
2024-09-19 22:10:58,891 - INFO - ****************************************
2024-09-19 22:11:03,554 - INFO - ---------------train loss---------------
2024-09-19 22:11:03,554 - INFO - Epoch: 135/300, loss_D_A: 0.198, loss_D_B: 0.121, loss_G: 9.426
2024-09-19 22:11:03,554 - INFO - Epoch: 135/300, loss_gan: 0.835, loss_cyc: 8.587, loss_dep: 0.003
2024-09-19 22:11:03,554 - INFO - --------------- test loss---------------
2024-09-19 22:11:03,554 - INFO - Epoch: 135/300, loss_D_A: 0.216, loss_D_B: 0.092, loss_G: 9.844
2024-09-19 22:11:03,554 - INFO - Epoch: 135/300, loss_gan: 1.149, loss_cyc: 8.693, loss_dep: 0.003
2024-09-19 22:11:03,554 - INFO - ****************************************
2024-09-19 22:11:08,254 - INFO - ---------------train loss---------------
2024-09-19 22:11:08,255 - INFO - Epoch: 136/300, loss_D_A: 0.192, loss_D_B: 0.103, loss_G: 9.630
2024-09-19 22:11:08,255 - INFO - Epoch: 136/300, loss_gan: 1.020, loss_cyc: 8.608, loss_dep: 0.003
2024-09-19 22:11:08,255 - INFO - --------------- test loss---------------
2024-09-19 22:11:08,255 - INFO - Epoch: 136/300, loss_D_A: 0.174, loss_D_B: 0.201, loss_G: 9.252
2024-09-19 22:11:08,255 - INFO - Epoch: 136/300, loss_gan: 0.535, loss_cyc: 8.715, loss_dep: 0.002
2024-09-19 22:11:08,255 - INFO - ****************************************
2024-09-19 22:11:12,958 - INFO - ---------------train loss---------------
2024-09-19 22:11:12,959 - INFO - Epoch: 137/300, loss_D_A: 0.204, loss_D_B: 0.277, loss_G: 9.704
2024-09-19 22:11:12,959 - INFO - Epoch: 137/300, loss_gan: 0.890, loss_cyc: 8.812, loss_dep: 0.003
2024-09-19 22:11:12,959 - INFO - --------------- test loss---------------
2024-09-19 22:11:12,959 - INFO - Epoch: 137/300, loss_D_A: 0.236, loss_D_B: 0.210, loss_G: 9.793
2024-09-19 22:11:12,959 - INFO - Epoch: 137/300, loss_gan: 1.161, loss_cyc: 8.629, loss_dep: 0.003
2024-09-19 22:11:12,959 - INFO - ****************************************
2024-09-19 22:11:17,697 - INFO - ---------------train loss---------------
2024-09-19 22:11:17,697 - INFO - Epoch: 138/300, loss_D_A: 0.197, loss_D_B: 0.197, loss_G: 9.353
2024-09-19 22:11:17,697 - INFO - Epoch: 138/300, loss_gan: 0.736, loss_cyc: 8.614, loss_dep: 0.003
2024-09-19 22:11:17,697 - INFO - --------------- test loss---------------
2024-09-19 22:11:17,697 - INFO - Epoch: 138/300, loss_D_A: 0.179, loss_D_B: 0.198, loss_G: 9.733
2024-09-19 22:11:17,697 - INFO - Epoch: 138/300, loss_gan: 0.858, loss_cyc: 8.873, loss_dep: 0.003
2024-09-19 22:11:17,697 - INFO - ****************************************
2024-09-19 22:11:22,441 - INFO - ---------------train loss---------------
2024-09-19 22:11:22,441 - INFO - Epoch: 139/300, loss_D_A: 0.170, loss_D_B: 0.194, loss_G: 9.342
2024-09-19 22:11:22,441 - INFO - Epoch: 139/300, loss_gan: 0.696, loss_cyc: 8.643, loss_dep: 0.003
2024-09-19 22:11:22,441 - INFO - --------------- test loss---------------
2024-09-19 22:11:22,441 - INFO - Epoch: 139/300, loss_D_A: 0.198, loss_D_B: 0.213, loss_G: 9.402
2024-09-19 22:11:22,441 - INFO - Epoch: 139/300, loss_gan: 0.828, loss_cyc: 8.572, loss_dep: 0.002
2024-09-19 22:11:22,441 - INFO - ****************************************
2024-09-19 22:11:27,220 - INFO - ---------------train loss---------------
2024-09-19 22:11:27,220 - INFO - Epoch: 140/300, loss_D_A: 0.344, loss_D_B: 0.204, loss_G: 9.403
2024-09-19 22:11:27,220 - INFO - Epoch: 140/300, loss_gan: 0.842, loss_cyc: 8.557, loss_dep: 0.003
2024-09-19 22:11:27,220 - INFO - --------------- test loss---------------
2024-09-19 22:11:27,220 - INFO - Epoch: 140/300, loss_D_A: 0.318, loss_D_B: 0.227, loss_G: 10.070
2024-09-19 22:11:27,220 - INFO - Epoch: 140/300, loss_gan: 1.340, loss_cyc: 8.727, loss_dep: 0.002
2024-09-19 22:11:27,220 - INFO - ****************************************
2024-09-19 22:11:32,014 - INFO - ---------------train loss---------------
2024-09-19 22:11:32,014 - INFO - Epoch: 141/300, loss_D_A: 0.192, loss_D_B: 0.216, loss_G: 9.307
2024-09-19 22:11:32,014 - INFO - Epoch: 141/300, loss_gan: 0.795, loss_cyc: 8.510, loss_dep: 0.003
2024-09-19 22:11:32,014 - INFO - --------------- test loss---------------
2024-09-19 22:11:32,014 - INFO - Epoch: 141/300, loss_D_A: 0.223, loss_D_B: 0.222, loss_G: 9.070
2024-09-19 22:11:32,014 - INFO - Epoch: 141/300, loss_gan: 0.515, loss_cyc: 8.553, loss_dep: 0.003
2024-09-19 22:11:32,014 - INFO - ****************************************
2024-09-19 22:11:36,833 - INFO - ---------------train loss---------------
2024-09-19 22:11:36,833 - INFO - Epoch: 142/300, loss_D_A: 0.228, loss_D_B: 0.205, loss_G: 9.067
2024-09-19 22:11:36,833 - INFO - Epoch: 142/300, loss_gan: 0.625, loss_cyc: 8.440, loss_dep: 0.003
2024-09-19 22:11:36,833 - INFO - --------------- test loss---------------
2024-09-19 22:11:36,833 - INFO - Epoch: 142/300, loss_D_A: 0.198, loss_D_B: 0.176, loss_G: 9.455
2024-09-19 22:11:36,833 - INFO - Epoch: 142/300, loss_gan: 0.815, loss_cyc: 8.638, loss_dep: 0.003
2024-09-19 22:11:36,833 - INFO - ****************************************
2024-09-19 22:11:41,663 - INFO - ---------------train loss---------------
2024-09-19 22:11:41,663 - INFO - Epoch: 143/300, loss_D_A: 0.188, loss_D_B: 0.185, loss_G: 9.332
2024-09-19 22:11:41,663 - INFO - Epoch: 143/300, loss_gan: 0.753, loss_cyc: 8.576, loss_dep: 0.003
2024-09-19 22:11:41,663 - INFO - --------------- test loss---------------
2024-09-19 22:11:41,663 - INFO - Epoch: 143/300, loss_D_A: 0.208, loss_D_B: 0.308, loss_G: 8.943
2024-09-19 22:11:41,663 - INFO - Epoch: 143/300, loss_gan: 0.419, loss_cyc: 8.521, loss_dep: 0.002
2024-09-19 22:11:41,663 - INFO - ****************************************
2024-09-19 22:11:46,518 - INFO - ---------------train loss---------------
2024-09-19 22:11:46,518 - INFO - Epoch: 144/300, loss_D_A: 0.203, loss_D_B: 0.242, loss_G: 9.109
2024-09-19 22:11:46,519 - INFO - Epoch: 144/300, loss_gan: 0.672, loss_cyc: 8.435, loss_dep: 0.003
2024-09-19 22:11:46,519 - INFO - --------------- test loss---------------
2024-09-19 22:11:46,519 - INFO - Epoch: 144/300, loss_D_A: 0.216, loss_D_B: 0.251, loss_G: 9.271
2024-09-19 22:11:46,519 - INFO - Epoch: 144/300, loss_gan: 0.658, loss_cyc: 8.611, loss_dep: 0.002
2024-09-19 22:11:46,519 - INFO - ****************************************
2024-09-19 22:11:51,399 - INFO - ---------------train loss---------------
2024-09-19 22:11:51,399 - INFO - Epoch: 145/300, loss_D_A: 0.191, loss_D_B: 0.226, loss_G: 9.143
2024-09-19 22:11:51,399 - INFO - Epoch: 145/300, loss_gan: 0.649, loss_cyc: 8.491, loss_dep: 0.003
2024-09-19 22:11:51,399 - INFO - --------------- test loss---------------
2024-09-19 22:11:51,399 - INFO - Epoch: 145/300, loss_D_A: 0.287, loss_D_B: 0.223, loss_G: 9.261
2024-09-19 22:11:51,399 - INFO - Epoch: 145/300, loss_gan: 0.728, loss_cyc: 8.531, loss_dep: 0.002
2024-09-19 22:11:51,399 - INFO - ****************************************
2024-09-19 22:11:56,292 - INFO - ---------------train loss---------------
2024-09-19 22:11:56,293 - INFO - Epoch: 146/300, loss_D_A: 0.295, loss_D_B: 0.238, loss_G: 9.417
2024-09-19 22:11:56,293 - INFO - Epoch: 146/300, loss_gan: 0.899, loss_cyc: 8.516, loss_dep: 0.003
2024-09-19 22:11:56,293 - INFO - --------------- test loss---------------
2024-09-19 22:11:56,293 - INFO - Epoch: 146/300, loss_D_A: 0.181, loss_D_B: 0.300, loss_G: 9.559
2024-09-19 22:11:56,293 - INFO - Epoch: 146/300, loss_gan: 1.134, loss_cyc: 8.423, loss_dep: 0.002
2024-09-19 22:11:56,293 - INFO - ****************************************
2024-09-19 22:12:01,209 - INFO - ---------------train loss---------------
2024-09-19 22:12:01,209 - INFO - Epoch: 147/300, loss_D_A: 0.195, loss_D_B: 0.209, loss_G: 8.984
2024-09-19 22:12:01,209 - INFO - Epoch: 147/300, loss_gan: 0.702, loss_cyc: 8.279, loss_dep: 0.003
2024-09-19 22:12:01,209 - INFO - --------------- test loss---------------
2024-09-19 22:12:01,209 - INFO - Epoch: 147/300, loss_D_A: 0.202, loss_D_B: 0.178, loss_G: 9.102
2024-09-19 22:12:01,209 - INFO - Epoch: 147/300, loss_gan: 0.711, loss_cyc: 8.389, loss_dep: 0.002
2024-09-19 22:12:01,209 - INFO - ****************************************
2024-09-19 22:12:06,146 - INFO - ---------------train loss---------------
2024-09-19 22:12:06,146 - INFO - Epoch: 148/300, loss_D_A: 0.184, loss_D_B: 0.171, loss_G: 9.017
2024-09-19 22:12:06,146 - INFO - Epoch: 148/300, loss_gan: 0.713, loss_cyc: 8.301, loss_dep: 0.003
2024-09-19 22:12:06,146 - INFO - --------------- test loss---------------
2024-09-19 22:12:06,146 - INFO - Epoch: 148/300, loss_D_A: 0.175, loss_D_B: 0.144, loss_G: 9.161
2024-09-19 22:12:06,147 - INFO - Epoch: 148/300, loss_gan: 0.695, loss_cyc: 8.463, loss_dep: 0.002
2024-09-19 22:12:06,147 - INFO - ****************************************
2024-09-19 22:12:11,106 - INFO - ---------------train loss---------------
2024-09-19 22:12:11,106 - INFO - Epoch: 149/300, loss_D_A: 0.212, loss_D_B: 0.285, loss_G: 9.267
2024-09-19 22:12:11,106 - INFO - Epoch: 149/300, loss_gan: 0.861, loss_cyc: 8.403, loss_dep: 0.003
2024-09-19 22:12:11,106 - INFO - --------------- test loss---------------
2024-09-19 22:12:11,106 - INFO - Epoch: 149/300, loss_D_A: 0.185, loss_D_B: 0.139, loss_G: 9.605
2024-09-19 22:12:11,106 - INFO - Epoch: 149/300, loss_gan: 1.241, loss_cyc: 8.362, loss_dep: 0.002
2024-09-19 22:12:11,106 - INFO - ****************************************
2024-09-19 22:12:16,083 - INFO - ---------------train loss---------------
2024-09-19 22:12:16,083 - INFO - Epoch: 150/300, loss_D_A: 0.192, loss_D_B: 0.202, loss_G: 9.150
2024-09-19 22:12:16,083 - INFO - Epoch: 150/300, loss_gan: 0.734, loss_cyc: 8.412, loss_dep: 0.003
2024-09-19 22:12:16,083 - INFO - --------------- test loss---------------
2024-09-19 22:12:16,083 - INFO - Epoch: 150/300, loss_D_A: 0.234, loss_D_B: 0.227, loss_G: 8.992
2024-09-19 22:12:16,083 - INFO - Epoch: 150/300, loss_gan: 0.536, loss_cyc: 8.454, loss_dep: 0.002
2024-09-19 22:12:16,083 - INFO - ****************************************
2024-09-19 22:12:21,098 - INFO - ---------------train loss---------------
2024-09-19 22:12:21,099 - INFO - Epoch: 151/300, loss_D_A: 0.178, loss_D_B: 0.196, loss_G: 9.240
2024-09-19 22:12:21,099 - INFO - Epoch: 151/300, loss_gan: 0.742, loss_cyc: 8.495, loss_dep: 0.003
2024-09-19 22:12:21,099 - INFO - --------------- test loss---------------
2024-09-19 22:12:21,099 - INFO - Epoch: 151/300, loss_D_A: 0.238, loss_D_B: 0.190, loss_G: 9.212
2024-09-19 22:12:21,099 - INFO - Epoch: 151/300, loss_gan: 0.681, loss_cyc: 8.529, loss_dep: 0.002
2024-09-19 22:12:21,099 - INFO - ****************************************
2024-09-19 22:12:26,125 - INFO - ---------------train loss---------------
2024-09-19 22:12:26,125 - INFO - Epoch: 152/300, loss_D_A: 0.230, loss_D_B: 0.223, loss_G: 9.329
2024-09-19 22:12:26,125 - INFO - Epoch: 152/300, loss_gan: 0.843, loss_cyc: 8.483, loss_dep: 0.003
2024-09-19 22:12:26,125 - INFO - --------------- test loss---------------
2024-09-19 22:12:26,125 - INFO - Epoch: 152/300, loss_D_A: 0.178, loss_D_B: 0.199, loss_G: 9.031
2024-09-19 22:12:26,125 - INFO - Epoch: 152/300, loss_gan: 0.610, loss_cyc: 8.418, loss_dep: 0.002
2024-09-19 22:12:26,125 - INFO - ****************************************
2024-09-19 22:12:31,181 - INFO - ---------------train loss---------------
2024-09-19 22:12:31,181 - INFO - Epoch: 153/300, loss_D_A: 0.209, loss_D_B: 0.222, loss_G: 9.047
2024-09-19 22:12:31,181 - INFO - Epoch: 153/300, loss_gan: 0.662, loss_cyc: 8.383, loss_dep: 0.003
2024-09-19 22:12:31,181 - INFO - --------------- test loss---------------
2024-09-19 22:12:31,181 - INFO - Epoch: 153/300, loss_D_A: 0.162, loss_D_B: 0.467, loss_G: 10.371
2024-09-19 22:12:31,181 - INFO - Epoch: 153/300, loss_gan: 0.638, loss_cyc: 9.729, loss_dep: 0.003
2024-09-19 22:12:31,181 - INFO - ****************************************
2024-09-19 22:12:36,255 - INFO - ---------------train loss---------------
2024-09-19 22:12:36,255 - INFO - Epoch: 154/300, loss_D_A: 0.191, loss_D_B: 0.269, loss_G: 9.622
2024-09-19 22:12:36,256 - INFO - Epoch: 154/300, loss_gan: 0.812, loss_cyc: 8.806, loss_dep: 0.004
2024-09-19 22:12:36,256 - INFO - --------------- test loss---------------
2024-09-19 22:12:36,256 - INFO - Epoch: 154/300, loss_D_A: 0.162, loss_D_B: 0.191, loss_G: 9.271
2024-09-19 22:12:36,256 - INFO - Epoch: 154/300, loss_gan: 0.650, loss_cyc: 8.618, loss_dep: 0.003
2024-09-19 22:12:36,256 - INFO - ****************************************
2024-09-19 22:12:41,345 - INFO - ---------------train loss---------------
2024-09-19 22:12:41,345 - INFO - Epoch: 155/300, loss_D_A: 0.154, loss_D_B: 0.167, loss_G: 9.228
2024-09-19 22:12:41,345 - INFO - Epoch: 155/300, loss_gan: 0.741, loss_cyc: 8.484, loss_dep: 0.003
2024-09-19 22:12:41,345 - INFO - --------------- test loss---------------
2024-09-19 22:12:41,345 - INFO - Epoch: 155/300, loss_D_A: 0.180, loss_D_B: 0.187, loss_G: 9.743
2024-09-19 22:12:41,345 - INFO - Epoch: 155/300, loss_gan: 1.143, loss_cyc: 8.598, loss_dep: 0.002
2024-09-19 22:12:41,345 - INFO - ****************************************
2024-09-19 22:12:46,455 - INFO - ---------------train loss---------------
2024-09-19 22:12:46,455 - INFO - Epoch: 156/300, loss_D_A: 0.303, loss_D_B: 0.188, loss_G: 9.533
2024-09-19 22:12:46,455 - INFO - Epoch: 156/300, loss_gan: 1.004, loss_cyc: 8.526, loss_dep: 0.003
2024-09-19 22:12:46,455 - INFO - --------------- test loss---------------
2024-09-19 22:12:46,455 - INFO - Epoch: 156/300, loss_D_A: 0.174, loss_D_B: 0.324, loss_G: 9.425
2024-09-19 22:12:46,455 - INFO - Epoch: 156/300, loss_gan: 0.572, loss_cyc: 8.850, loss_dep: 0.002
2024-09-19 22:12:46,455 - INFO - ****************************************
2024-09-19 22:12:51,592 - INFO - ---------------train loss---------------
2024-09-19 22:12:51,593 - INFO - Epoch: 157/300, loss_D_A: 0.184, loss_D_B: 0.227, loss_G: 9.315
2024-09-19 22:12:51,593 - INFO - Epoch: 157/300, loss_gan: 0.784, loss_cyc: 8.528, loss_dep: 0.003
2024-09-19 22:12:51,593 - INFO - --------------- test loss---------------
2024-09-19 22:12:51,593 - INFO - Epoch: 157/300, loss_D_A: 0.192, loss_D_B: 0.183, loss_G: 9.179
2024-09-19 22:12:51,593 - INFO - Epoch: 157/300, loss_gan: 0.709, loss_cyc: 8.468, loss_dep: 0.002
2024-09-19 22:12:51,593 - INFO - ****************************************
2024-09-19 22:12:56,747 - INFO - ---------------train loss---------------
2024-09-19 22:12:56,748 - INFO - Epoch: 158/300, loss_D_A: 0.171, loss_D_B: 0.175, loss_G: 9.044
2024-09-19 22:12:56,748 - INFO - Epoch: 158/300, loss_gan: 0.722, loss_cyc: 8.319, loss_dep: 0.003
2024-09-19 22:12:56,748 - INFO - --------------- test loss---------------
2024-09-19 22:12:56,748 - INFO - Epoch: 158/300, loss_D_A: 0.207, loss_D_B: 0.145, loss_G: 9.386
2024-09-19 22:12:56,748 - INFO - Epoch: 158/300, loss_gan: 0.861, loss_cyc: 8.523, loss_dep: 0.002
2024-09-19 22:12:56,748 - INFO - ****************************************
2024-09-19 22:13:01,938 - INFO - ---------------train loss---------------
2024-09-19 22:13:01,939 - INFO - Epoch: 159/300, loss_D_A: 0.208, loss_D_B: 0.180, loss_G: 9.163
2024-09-19 22:13:01,939 - INFO - Epoch: 159/300, loss_gan: 0.720, loss_cyc: 8.440, loss_dep: 0.003
2024-09-19 22:13:01,939 - INFO - --------------- test loss---------------
2024-09-19 22:13:01,939 - INFO - Epoch: 159/300, loss_D_A: 0.317, loss_D_B: 0.186, loss_G: 9.010
2024-09-19 22:13:01,939 - INFO - Epoch: 159/300, loss_gan: 0.381, loss_cyc: 8.627, loss_dep: 0.002
2024-09-19 22:13:01,939 - INFO - ****************************************
2024-09-19 22:13:07,147 - INFO - ---------------train loss---------------
2024-09-19 22:13:07,147 - INFO - Epoch: 160/300, loss_D_A: 0.238, loss_D_B: 0.322, loss_G: 9.295
2024-09-19 22:13:07,147 - INFO - Epoch: 160/300, loss_gan: 0.847, loss_cyc: 8.445, loss_dep: 0.003
2024-09-19 22:13:07,147 - INFO - --------------- test loss---------------
2024-09-19 22:13:07,147 - INFO - Epoch: 160/300, loss_D_A: 0.227, loss_D_B: 0.220, loss_G: 9.404
2024-09-19 22:13:07,147 - INFO - Epoch: 160/300, loss_gan: 1.037, loss_cyc: 8.365, loss_dep: 0.002
2024-09-19 22:13:07,148 - INFO - ****************************************
2024-09-19 22:13:12,393 - INFO - ---------------train loss---------------
2024-09-19 22:13:12,393 - INFO - Epoch: 161/300, loss_D_A: 0.206, loss_D_B: 0.214, loss_G: 8.880
2024-09-19 22:13:12,393 - INFO - Epoch: 161/300, loss_gan: 0.692, loss_cyc: 8.186, loss_dep: 0.003
2024-09-19 22:13:12,393 - INFO - --------------- test loss---------------
2024-09-19 22:13:12,393 - INFO - Epoch: 161/300, loss_D_A: 0.201, loss_D_B: 0.218, loss_G: 8.887
2024-09-19 22:13:12,393 - INFO - Epoch: 161/300, loss_gan: 0.581, loss_cyc: 8.303, loss_dep: 0.002
2024-09-19 22:13:12,393 - INFO - ****************************************
2024-09-19 22:13:17,632 - INFO - ---------------train loss---------------
2024-09-19 22:13:17,632 - INFO - Epoch: 162/300, loss_D_A: 0.193, loss_D_B: 0.190, loss_G: 8.894
2024-09-19 22:13:17,632 - INFO - Epoch: 162/300, loss_gan: 0.694, loss_cyc: 8.197, loss_dep: 0.003
2024-09-19 22:13:17,632 - INFO - --------------- test loss---------------
2024-09-19 22:13:17,632 - INFO - Epoch: 162/300, loss_D_A: 0.216, loss_D_B: 0.196, loss_G: 8.961
2024-09-19 22:13:17,632 - INFO - Epoch: 162/300, loss_gan: 0.542, loss_cyc: 8.417, loss_dep: 0.002
2024-09-19 22:13:17,632 - INFO - ****************************************
2024-09-19 22:13:23,031 - INFO - ---------------train loss---------------
2024-09-19 22:13:23,031 - INFO - Epoch: 163/300, loss_D_A: 0.207, loss_D_B: 0.187, loss_G: 8.897
2024-09-19 22:13:23,031 - INFO - Epoch: 163/300, loss_gan: 0.663, loss_cyc: 8.231, loss_dep: 0.003
2024-09-19 22:13:23,031 - INFO - --------------- test loss---------------
2024-09-19 22:13:23,031 - INFO - Epoch: 163/300, loss_D_A: 0.266, loss_D_B: 0.200, loss_G: 8.800
2024-09-19 22:13:23,031 - INFO - Epoch: 163/300, loss_gan: 0.518, loss_cyc: 8.280, loss_dep: 0.002
2024-09-19 22:13:23,031 - INFO - ****************************************
2024-09-19 22:13:28,374 - INFO - ---------------train loss---------------
2024-09-19 22:13:28,374 - INFO - Epoch: 164/300, loss_D_A: 0.212, loss_D_B: 0.197, loss_G: 8.959
2024-09-19 22:13:28,374 - INFO - Epoch: 164/300, loss_gan: 0.746, loss_cyc: 8.210, loss_dep: 0.003
2024-09-19 22:13:28,374 - INFO - --------------- test loss---------------
2024-09-19 22:13:28,374 - INFO - Epoch: 164/300, loss_D_A: 0.230, loss_D_B: 0.143, loss_G: 9.154
2024-09-19 22:13:28,374 - INFO - Epoch: 164/300, loss_gan: 0.738, loss_cyc: 8.414, loss_dep: 0.002
2024-09-19 22:13:28,374 - INFO - ****************************************
2024-09-19 22:13:33,677 - INFO - ---------------train loss---------------
2024-09-19 22:13:33,677 - INFO - Epoch: 165/300, loss_D_A: 0.187, loss_D_B: 0.199, loss_G: 8.935
2024-09-19 22:13:33,677 - INFO - Epoch: 165/300, loss_gan: 0.747, loss_cyc: 8.185, loss_dep: 0.003
2024-09-19 22:13:33,677 - INFO - --------------- test loss---------------
2024-09-19 22:13:33,677 - INFO - Epoch: 165/300, loss_D_A: 0.244, loss_D_B: 0.229, loss_G: 9.368
2024-09-19 22:13:33,677 - INFO - Epoch: 165/300, loss_gan: 1.038, loss_cyc: 8.328, loss_dep: 0.002
2024-09-19 22:13:33,677 - INFO - ****************************************
2024-09-19 22:13:39,008 - INFO - ---------------train loss---------------
2024-09-19 22:13:39,009 - INFO - Epoch: 166/300, loss_D_A: 0.194, loss_D_B: 0.212, loss_G: 8.920
2024-09-19 22:13:39,009 - INFO - Epoch: 166/300, loss_gan: 0.746, loss_cyc: 8.171, loss_dep: 0.003
2024-09-19 22:13:39,009 - INFO - --------------- test loss---------------
2024-09-19 22:13:39,009 - INFO - Epoch: 166/300, loss_D_A: 0.212, loss_D_B: 0.188, loss_G: 8.958
2024-09-19 22:13:39,009 - INFO - Epoch: 166/300, loss_gan: 0.691, loss_cyc: 8.264, loss_dep: 0.002
2024-09-19 22:13:39,009 - INFO - ****************************************
2024-09-19 22:13:47,489 - INFO - ---------------train loss---------------
2024-09-19 22:13:47,489 - INFO - Epoch: 167/300, loss_D_A: 0.229, loss_D_B: 0.182, loss_G: 8.963
2024-09-19 22:13:47,489 - INFO - Epoch: 167/300, loss_gan: 0.766, loss_cyc: 8.194, loss_dep: 0.003
2024-09-19 22:13:47,489 - INFO - --------------- test loss---------------
2024-09-19 22:13:47,489 - INFO - Epoch: 167/300, loss_D_A: 0.258, loss_D_B: 0.189, loss_G: 8.966
2024-09-19 22:13:47,490 - INFO - Epoch: 167/300, loss_gan: 0.487, loss_cyc: 8.477, loss_dep: 0.002
2024-09-19 22:13:47,490 - INFO - ****************************************
2024-09-19 22:13:52,875 - INFO - ---------------train loss---------------
2024-09-19 22:13:52,875 - INFO - Epoch: 168/300, loss_D_A: 0.185, loss_D_B: 0.179, loss_G: 8.983
2024-09-19 22:13:52,875 - INFO - Epoch: 168/300, loss_gan: 0.739, loss_cyc: 8.242, loss_dep: 0.003
2024-09-19 22:13:52,875 - INFO - --------------- test loss---------------
2024-09-19 22:13:52,875 - INFO - Epoch: 168/300, loss_D_A: 0.194, loss_D_B: 0.254, loss_G: 8.784
2024-09-19 22:13:52,875 - INFO - Epoch: 168/300, loss_gan: 0.454, loss_cyc: 8.328, loss_dep: 0.002
2024-09-19 22:13:52,875 - INFO - ****************************************
2024-09-19 22:13:58,284 - INFO - ---------------train loss---------------
2024-09-19 22:13:58,284 - INFO - Epoch: 169/300, loss_D_A: 0.172, loss_D_B: 0.214, loss_G: 8.888
2024-09-19 22:13:58,285 - INFO - Epoch: 169/300, loss_gan: 0.716, loss_cyc: 8.169, loss_dep: 0.003
2024-09-19 22:13:58,285 - INFO - --------------- test loss---------------
2024-09-19 22:13:58,285 - INFO - Epoch: 169/300, loss_D_A: 0.173, loss_D_B: 0.195, loss_G: 9.216
2024-09-19 22:13:58,285 - INFO - Epoch: 169/300, loss_gan: 0.756, loss_cyc: 8.457, loss_dep: 0.002
2024-09-19 22:13:58,285 - INFO - ****************************************
2024-09-19 22:14:03,706 - INFO - ---------------train loss---------------
2024-09-19 22:14:03,707 - INFO - Epoch: 170/300, loss_D_A: 0.236, loss_D_B: 0.227, loss_G: 9.603
2024-09-19 22:14:03,707 - INFO - Epoch: 170/300, loss_gan: 0.909, loss_cyc: 8.692, loss_dep: 0.003
2024-09-19 22:14:03,707 - INFO - --------------- test loss---------------
2024-09-19 22:14:03,707 - INFO - Epoch: 170/300, loss_D_A: 0.171, loss_D_B: 0.169, loss_G: 9.312
2024-09-19 22:14:03,707 - INFO - Epoch: 170/300, loss_gan: 0.950, loss_cyc: 8.360, loss_dep: 0.002
2024-09-19 22:14:03,707 - INFO - ****************************************
2024-09-19 22:14:09,152 - INFO - ---------------train loss---------------
2024-09-19 22:14:09,152 - INFO - Epoch: 171/300, loss_D_A: 0.163, loss_D_B: 0.168, loss_G: 9.006
2024-09-19 22:14:09,152 - INFO - Epoch: 171/300, loss_gan: 0.802, loss_cyc: 8.201, loss_dep: 0.003
2024-09-19 22:14:09,152 - INFO - --------------- test loss---------------
2024-09-19 22:14:09,152 - INFO - Epoch: 171/300, loss_D_A: 0.184, loss_D_B: 0.194, loss_G: 9.106
2024-09-19 22:14:09,152 - INFO - Epoch: 171/300, loss_gan: 0.677, loss_cyc: 8.426, loss_dep: 0.002
2024-09-19 22:14:09,152 - INFO - ****************************************
2024-09-19 22:14:14,639 - INFO - ---------------train loss---------------
2024-09-19 22:14:14,639 - INFO - Epoch: 172/300, loss_D_A: 0.169, loss_D_B: 0.157, loss_G: 9.024
2024-09-19 22:14:14,639 - INFO - Epoch: 172/300, loss_gan: 0.788, loss_cyc: 8.234, loss_dep: 0.003
2024-09-19 22:14:14,639 - INFO - --------------- test loss---------------
2024-09-19 22:14:14,639 - INFO - Epoch: 172/300, loss_D_A: 0.181, loss_D_B: 0.258, loss_G: 9.234
2024-09-19 22:14:14,639 - INFO - Epoch: 172/300, loss_gan: 0.779, loss_cyc: 8.453, loss_dep: 0.002
2024-09-19 22:14:14,639 - INFO - ****************************************
2024-09-19 22:14:20,114 - INFO - ---------------train loss---------------
2024-09-19 22:14:20,115 - INFO - Epoch: 173/300, loss_D_A: 0.206, loss_D_B: 0.248, loss_G: 9.311
2024-09-19 22:14:20,115 - INFO - Epoch: 173/300, loss_gan: 0.942, loss_cyc: 8.366, loss_dep: 0.003
2024-09-19 22:14:20,115 - INFO - --------------- test loss---------------
2024-09-19 22:14:20,115 - INFO - Epoch: 173/300, loss_D_A: 0.180, loss_D_B: 0.177, loss_G: 9.056
2024-09-19 22:14:20,115 - INFO - Epoch: 173/300, loss_gan: 0.698, loss_cyc: 8.356, loss_dep: 0.002
2024-09-19 22:14:20,115 - INFO - ****************************************
2024-09-19 22:14:25,608 - INFO - ---------------train loss---------------
2024-09-19 22:14:25,608 - INFO - Epoch: 174/300, loss_D_A: 0.196, loss_D_B: 0.181, loss_G: 8.921
2024-09-19 22:14:25,608 - INFO - Epoch: 174/300, loss_gan: 0.711, loss_cyc: 8.207, loss_dep: 0.003
2024-09-19 22:14:25,608 - INFO - --------------- test loss---------------
2024-09-19 22:14:25,608 - INFO - Epoch: 174/300, loss_D_A: 0.276, loss_D_B: 0.232, loss_G: 9.676
2024-09-19 22:14:25,608 - INFO - Epoch: 174/300, loss_gan: 1.207, loss_cyc: 8.466, loss_dep: 0.002
2024-09-19 22:14:25,608 - INFO - ****************************************
2024-09-19 22:14:31,127 - INFO - ---------------train loss---------------
2024-09-19 22:14:31,127 - INFO - Epoch: 175/300, loss_D_A: 0.233, loss_D_B: 0.212, loss_G: 8.993
2024-09-19 22:14:31,127 - INFO - Epoch: 175/300, loss_gan: 0.804, loss_cyc: 8.186, loss_dep: 0.003
2024-09-19 22:14:31,127 - INFO - --------------- test loss---------------
2024-09-19 22:14:31,127 - INFO - Epoch: 175/300, loss_D_A: 0.223, loss_D_B: 0.200, loss_G: 8.935
2024-09-19 22:14:31,127 - INFO - Epoch: 175/300, loss_gan: 0.624, loss_cyc: 8.309, loss_dep: 0.002
2024-09-19 22:14:31,127 - INFO - ****************************************
2024-09-19 22:14:36,671 - INFO - ---------------train loss---------------
2024-09-19 22:14:36,672 - INFO - Epoch: 176/300, loss_D_A: 0.194, loss_D_B: 0.200, loss_G: 8.767
2024-09-19 22:14:36,672 - INFO - Epoch: 176/300, loss_gan: 0.649, loss_cyc: 8.115, loss_dep: 0.003
2024-09-19 22:14:36,672 - INFO - --------------- test loss---------------
2024-09-19 22:14:36,672 - INFO - Epoch: 176/300, loss_D_A: 0.182, loss_D_B: 0.194, loss_G: 9.142
2024-09-19 22:14:36,672 - INFO - Epoch: 176/300, loss_gan: 0.803, loss_cyc: 8.336, loss_dep: 0.002
2024-09-19 22:14:36,672 - INFO - ****************************************
2024-09-19 22:14:42,240 - INFO - ---------------train loss---------------
2024-09-19 22:14:42,240 - INFO - Epoch: 177/300, loss_D_A: 0.188, loss_D_B: 0.210, loss_G: 8.780
2024-09-19 22:14:42,240 - INFO - Epoch: 177/300, loss_gan: 0.664, loss_cyc: 8.114, loss_dep: 0.003
2024-09-19 22:14:42,240 - INFO - --------------- test loss---------------
2024-09-19 22:14:42,240 - INFO - Epoch: 177/300, loss_D_A: 0.202, loss_D_B: 0.300, loss_G: 9.173
2024-09-19 22:14:42,240 - INFO - Epoch: 177/300, loss_gan: 0.746, loss_cyc: 8.425, loss_dep: 0.002
2024-09-19 22:14:42,240 - INFO - ****************************************
2024-09-19 22:14:47,823 - INFO - ---------------train loss---------------
2024-09-19 22:14:47,823 - INFO - Epoch: 178/300, loss_D_A: 0.218, loss_D_B: 0.267, loss_G: 8.880
2024-09-19 22:14:47,823 - INFO - Epoch: 178/300, loss_gan: 0.736, loss_cyc: 8.141, loss_dep: 0.003
2024-09-19 22:14:47,823 - INFO - --------------- test loss---------------
2024-09-19 22:14:47,823 - INFO - Epoch: 178/300, loss_D_A: 0.194, loss_D_B: 0.211, loss_G: 9.060
2024-09-19 22:14:47,823 - INFO - Epoch: 178/300, loss_gan: 0.809, loss_cyc: 8.248, loss_dep: 0.002
2024-09-19 22:14:47,823 - INFO - ****************************************
2024-09-19 22:14:53,430 - INFO - ---------------train loss---------------
2024-09-19 22:14:53,431 - INFO - Epoch: 179/300, loss_D_A: 0.189, loss_D_B: 0.216, loss_G: 8.701
2024-09-19 22:14:53,431 - INFO - Epoch: 179/300, loss_gan: 0.645, loss_cyc: 8.054, loss_dep: 0.003
2024-09-19 22:14:53,431 - INFO - --------------- test loss---------------
2024-09-19 22:14:53,431 - INFO - Epoch: 179/300, loss_D_A: 0.216, loss_D_B: 0.202, loss_G: 9.161
2024-09-19 22:14:53,431 - INFO - Epoch: 179/300, loss_gan: 0.981, loss_cyc: 8.178, loss_dep: 0.002
2024-09-19 22:14:53,431 - INFO - ****************************************
2024-09-19 22:14:59,082 - INFO - ---------------train loss---------------
2024-09-19 22:14:59,082 - INFO - Epoch: 180/300, loss_D_A: 0.209, loss_D_B: 0.213, loss_G: 8.773
2024-09-19 22:14:59,082 - INFO - Epoch: 180/300, loss_gan: 0.730, loss_cyc: 8.040, loss_dep: 0.003
2024-09-19 22:14:59,082 - INFO - --------------- test loss---------------
2024-09-19 22:14:59,082 - INFO - Epoch: 180/300, loss_D_A: 0.185, loss_D_B: 0.228, loss_G: 8.794
2024-09-19 22:14:59,082 - INFO - Epoch: 180/300, loss_gan: 0.571, loss_cyc: 8.221, loss_dep: 0.002
2024-09-19 22:14:59,082 - INFO - ****************************************
2024-09-19 22:15:04,754 - INFO - ---------------train loss---------------
2024-09-19 22:15:04,754 - INFO - Epoch: 181/300, loss_D_A: 0.199, loss_D_B: 0.206, loss_G: 8.745
2024-09-19 22:15:04,754 - INFO - Epoch: 181/300, loss_gan: 0.667, loss_cyc: 8.075, loss_dep: 0.003
2024-09-19 22:15:04,754 - INFO - --------------- test loss---------------
2024-09-19 22:15:04,754 - INFO - Epoch: 181/300, loss_D_A: 0.235, loss_D_B: 0.219, loss_G: 9.191
2024-09-19 22:15:04,754 - INFO - Epoch: 181/300, loss_gan: 0.982, loss_cyc: 8.207, loss_dep: 0.002
2024-09-19 22:15:04,754 - INFO - ****************************************
2024-09-19 22:15:10,447 - INFO - ---------------train loss---------------
2024-09-19 22:15:10,447 - INFO - Epoch: 182/300, loss_D_A: 0.186, loss_D_B: 0.203, loss_G: 8.714
2024-09-19 22:15:10,447 - INFO - Epoch: 182/300, loss_gan: 0.712, loss_cyc: 7.999, loss_dep: 0.002
2024-09-19 22:15:10,447 - INFO - --------------- test loss---------------
2024-09-19 22:15:10,447 - INFO - Epoch: 182/300, loss_D_A: 0.215, loss_D_B: 0.212, loss_G: 8.790
2024-09-19 22:15:10,447 - INFO - Epoch: 182/300, loss_gan: 0.605, loss_cyc: 8.183, loss_dep: 0.002
2024-09-19 22:15:10,447 - INFO - ****************************************
2024-09-19 22:15:16,197 - INFO - ---------------train loss---------------
2024-09-19 22:15:16,198 - INFO - Epoch: 183/300, loss_D_A: 0.181, loss_D_B: 0.198, loss_G: 8.787
2024-09-19 22:15:16,198 - INFO - Epoch: 183/300, loss_gan: 0.694, loss_cyc: 8.091, loss_dep: 0.003
2024-09-19 22:15:16,198 - INFO - --------------- test loss---------------
2024-09-19 22:15:16,198 - INFO - Epoch: 183/300, loss_D_A: 0.197, loss_D_B: 0.200, loss_G: 8.973
2024-09-19 22:15:16,198 - INFO - Epoch: 183/300, loss_gan: 0.737, loss_cyc: 8.233, loss_dep: 0.002
2024-09-19 22:15:16,198 - INFO - ****************************************
2024-09-19 22:15:21,952 - INFO - ---------------train loss---------------
2024-09-19 22:15:21,952 - INFO - Epoch: 184/300, loss_D_A: 0.186, loss_D_B: 0.221, loss_G: 8.623
2024-09-19 22:15:21,952 - INFO - Epoch: 184/300, loss_gan: 0.650, loss_cyc: 7.970, loss_dep: 0.003
2024-09-19 22:15:21,952 - INFO - --------------- test loss---------------
2024-09-19 22:15:21,953 - INFO - Epoch: 184/300, loss_D_A: 0.215, loss_D_B: 0.200, loss_G: 8.859
2024-09-19 22:15:21,953 - INFO - Epoch: 184/300, loss_gan: 0.737, loss_cyc: 8.119, loss_dep: 0.002
2024-09-19 22:15:21,953 - INFO - ****************************************
2024-09-19 22:15:27,701 - INFO - ---------------train loss---------------
2024-09-19 22:15:27,701 - INFO - Epoch: 185/300, loss_D_A: 0.202, loss_D_B: 0.223, loss_G: 8.607
2024-09-19 22:15:27,701 - INFO - Epoch: 185/300, loss_gan: 0.684, loss_cyc: 7.921, loss_dep: 0.002
2024-09-19 22:15:27,701 - INFO - --------------- test loss---------------
2024-09-19 22:15:27,701 - INFO - Epoch: 185/300, loss_D_A: 0.330, loss_D_B: 0.219, loss_G: 8.593
2024-09-19 22:15:27,701 - INFO - Epoch: 185/300, loss_gan: 0.397, loss_cyc: 8.193, loss_dep: 0.002
2024-09-19 22:15:27,701 - INFO - ****************************************
2024-09-19 22:15:33,487 - INFO - ---------------train loss---------------
2024-09-19 22:15:33,487 - INFO - Epoch: 186/300, loss_D_A: 0.219, loss_D_B: 0.214, loss_G: 8.667
2024-09-19 22:15:33,487 - INFO - Epoch: 186/300, loss_gan: 0.682, loss_cyc: 7.983, loss_dep: 0.002
2024-09-19 22:15:33,487 - INFO - --------------- test loss---------------
2024-09-19 22:15:33,487 - INFO - Epoch: 186/300, loss_D_A: 0.197, loss_D_B: 0.203, loss_G: 8.957
2024-09-19 22:15:33,487 - INFO - Epoch: 186/300, loss_gan: 0.819, loss_cyc: 8.135, loss_dep: 0.002
2024-09-19 22:15:33,487 - INFO - ****************************************
2024-09-19 22:15:39,270 - INFO - ---------------train loss---------------
2024-09-19 22:15:39,270 - INFO - Epoch: 187/300, loss_D_A: 0.188, loss_D_B: 0.217, loss_G: 8.652
2024-09-19 22:15:39,270 - INFO - Epoch: 187/300, loss_gan: 0.704, loss_cyc: 7.945, loss_dep: 0.003
2024-09-19 22:15:39,270 - INFO - --------------- test loss---------------
2024-09-19 22:15:39,270 - INFO - Epoch: 187/300, loss_D_A: 0.208, loss_D_B: 0.219, loss_G: 8.681
2024-09-19 22:15:39,271 - INFO - Epoch: 187/300, loss_gan: 0.608, loss_cyc: 8.071, loss_dep: 0.002
2024-09-19 22:15:39,271 - INFO - ****************************************
2024-09-19 22:15:45,087 - INFO - ---------------train loss---------------
2024-09-19 22:15:45,087 - INFO - Epoch: 188/300, loss_D_A: 0.183, loss_D_B: 0.197, loss_G: 8.626
2024-09-19 22:15:45,087 - INFO - Epoch: 188/300, loss_gan: 0.697, loss_cyc: 7.926, loss_dep: 0.003
2024-09-19 22:15:45,087 - INFO - --------------- test loss---------------
2024-09-19 22:15:45,087 - INFO - Epoch: 188/300, loss_D_A: 0.208, loss_D_B: 0.209, loss_G: 8.811
2024-09-19 22:15:45,087 - INFO - Epoch: 188/300, loss_gan: 0.683, loss_cyc: 8.126, loss_dep: 0.002
2024-09-19 22:15:45,087 - INFO - ****************************************
2024-09-19 22:15:50,924 - INFO - ---------------train loss---------------
2024-09-19 22:15:50,924 - INFO - Epoch: 189/300, loss_D_A: 0.194, loss_D_B: 0.200, loss_G: 8.603
2024-09-19 22:15:50,924 - INFO - Epoch: 189/300, loss_gan: 0.692, loss_cyc: 7.908, loss_dep: 0.003
2024-09-19 22:15:50,924 - INFO - --------------- test loss---------------
2024-09-19 22:15:50,924 - INFO - Epoch: 189/300, loss_D_A: 0.207, loss_D_B: 0.198, loss_G: 8.704
2024-09-19 22:15:50,924 - INFO - Epoch: 189/300, loss_gan: 0.597, loss_cyc: 8.105, loss_dep: 0.002
2024-09-19 22:15:50,924 - INFO - ****************************************
2024-09-19 22:15:56,785 - INFO - ---------------train loss---------------
2024-09-19 22:15:56,785 - INFO - Epoch: 190/300, loss_D_A: 0.185, loss_D_B: 0.207, loss_G: 8.554
2024-09-19 22:15:56,785 - INFO - Epoch: 190/300, loss_gan: 0.660, loss_cyc: 7.891, loss_dep: 0.003
2024-09-19 22:15:56,786 - INFO - --------------- test loss---------------
2024-09-19 22:15:56,786 - INFO - Epoch: 190/300, loss_D_A: 0.215, loss_D_B: 0.217, loss_G: 8.855
2024-09-19 22:15:56,786 - INFO - Epoch: 190/300, loss_gan: 0.790, loss_cyc: 8.063, loss_dep: 0.002
2024-09-19 22:15:56,786 - INFO - ****************************************
2024-09-19 22:16:02,634 - INFO - ---------------train loss---------------
2024-09-19 22:16:02,634 - INFO - Epoch: 191/300, loss_D_A: 0.186, loss_D_B: 0.228, loss_G: 8.587
2024-09-19 22:16:02,634 - INFO - Epoch: 191/300, loss_gan: 0.707, loss_cyc: 7.878, loss_dep: 0.002
2024-09-19 22:16:02,634 - INFO - --------------- test loss---------------
2024-09-19 22:16:02,634 - INFO - Epoch: 191/300, loss_D_A: 0.211, loss_D_B: 0.251, loss_G: 9.252
2024-09-19 22:16:02,634 - INFO - Epoch: 191/300, loss_gan: 1.054, loss_cyc: 8.195, loss_dep: 0.002
2024-09-19 22:16:02,634 - INFO - ****************************************
2024-09-19 22:16:08,513 - INFO - ---------------train loss---------------
2024-09-19 22:16:08,513 - INFO - Epoch: 192/300, loss_D_A: 0.204, loss_D_B: 0.207, loss_G: 8.889
2024-09-19 22:16:08,513 - INFO - Epoch: 192/300, loss_gan: 0.808, loss_cyc: 8.079, loss_dep: 0.003
2024-09-19 22:16:08,513 - INFO - --------------- test loss---------------
2024-09-19 22:16:08,513 - INFO - Epoch: 192/300, loss_D_A: 0.152, loss_D_B: 0.183, loss_G: 8.954
2024-09-19 22:16:08,513 - INFO - Epoch: 192/300, loss_gan: 0.749, loss_cyc: 8.203, loss_dep: 0.002
2024-09-19 22:16:08,513 - INFO - ****************************************
2024-09-19 22:16:14,406 - INFO - ---------------train loss---------------
2024-09-19 22:16:14,406 - INFO - Epoch: 193/300, loss_D_A: 0.168, loss_D_B: 0.153, loss_G: 8.748
2024-09-19 22:16:14,406 - INFO - Epoch: 193/300, loss_gan: 0.768, loss_cyc: 7.977, loss_dep: 0.003
2024-09-19 22:16:14,406 - INFO - --------------- test loss---------------
2024-09-19 22:16:14,406 - INFO - Epoch: 193/300, loss_D_A: 0.212, loss_D_B: 0.154, loss_G: 8.939
2024-09-19 22:16:14,406 - INFO - Epoch: 193/300, loss_gan: 0.793, loss_cyc: 8.144, loss_dep: 0.002
2024-09-19 22:16:14,406 - INFO - ****************************************
2024-09-19 22:16:20,325 - INFO - ---------------train loss---------------
2024-09-19 22:16:20,325 - INFO - Epoch: 194/300, loss_D_A: 0.247, loss_D_B: 0.162, loss_G: 8.890
2024-09-19 22:16:20,325 - INFO - Epoch: 194/300, loss_gan: 0.824, loss_cyc: 8.064, loss_dep: 0.003
2024-09-19 22:16:20,325 - INFO - --------------- test loss---------------
2024-09-19 22:16:20,325 - INFO - Epoch: 194/300, loss_D_A: 0.206, loss_D_B: 0.267, loss_G: 9.162
2024-09-19 22:16:20,325 - INFO - Epoch: 194/300, loss_gan: 0.801, loss_cyc: 8.359, loss_dep: 0.002
2024-09-19 22:16:20,325 - INFO - ****************************************
2024-09-19 22:16:26,256 - INFO - ---------------train loss---------------
2024-09-19 22:16:26,256 - INFO - Epoch: 195/300, loss_D_A: 0.175, loss_D_B: 0.240, loss_G: 8.823
2024-09-19 22:16:26,256 - INFO - Epoch: 195/300, loss_gan: 0.813, loss_cyc: 8.007, loss_dep: 0.002
2024-09-19 22:16:26,256 - INFO - --------------- test loss---------------
2024-09-19 22:16:26,256 - INFO - Epoch: 195/300, loss_D_A: 0.196, loss_D_B: 0.212, loss_G: 8.799
2024-09-19 22:16:26,256 - INFO - Epoch: 195/300, loss_gan: 0.698, loss_cyc: 8.098, loss_dep: 0.002
2024-09-19 22:16:26,256 - INFO - ****************************************
2024-09-19 22:16:32,220 - INFO - ---------------train loss---------------
2024-09-19 22:16:32,220 - INFO - Epoch: 196/300, loss_D_A: 0.188, loss_D_B: 0.205, loss_G: 8.511
2024-09-19 22:16:32,220 - INFO - Epoch: 196/300, loss_gan: 0.670, loss_cyc: 7.838, loss_dep: 0.002
2024-09-19 22:16:32,221 - INFO - --------------- test loss---------------
2024-09-19 22:16:32,221 - INFO - Epoch: 196/300, loss_D_A: 0.212, loss_D_B: 0.197, loss_G: 8.752
2024-09-19 22:16:32,221 - INFO - Epoch: 196/300, loss_gan: 0.668, loss_cyc: 8.082, loss_dep: 0.002
2024-09-19 22:16:32,221 - INFO - ****************************************
2024-09-19 22:16:38,240 - INFO - ---------------train loss---------------
2024-09-19 22:16:38,240 - INFO - Epoch: 197/300, loss_D_A: 0.179, loss_D_B: 0.197, loss_G: 8.512
2024-09-19 22:16:38,240 - INFO - Epoch: 197/300, loss_gan: 0.701, loss_cyc: 7.809, loss_dep: 0.002
2024-09-19 22:16:38,240 - INFO - --------------- test loss---------------
2024-09-19 22:16:38,240 - INFO - Epoch: 197/300, loss_D_A: 0.186, loss_D_B: 0.228, loss_G: 8.625
2024-09-19 22:16:38,240 - INFO - Epoch: 197/300, loss_gan: 0.573, loss_cyc: 8.050, loss_dep: 0.002
2024-09-19 22:16:38,240 - INFO - ****************************************
2024-09-19 22:16:44,247 - INFO - ---------------train loss---------------
2024-09-19 22:16:44,247 - INFO - Epoch: 198/300, loss_D_A: 0.178, loss_D_B: 0.206, loss_G: 8.495
2024-09-19 22:16:44,247 - INFO - Epoch: 198/300, loss_gan: 0.665, loss_cyc: 7.828, loss_dep: 0.003
2024-09-19 22:16:44,247 - INFO - --------------- test loss---------------
2024-09-19 22:16:44,247 - INFO - Epoch: 198/300, loss_D_A: 0.199, loss_D_B: 0.196, loss_G: 8.855
2024-09-19 22:16:44,247 - INFO - Epoch: 198/300, loss_gan: 0.823, loss_cyc: 8.030, loss_dep: 0.002
2024-09-19 22:16:44,247 - INFO - ****************************************
2024-09-19 22:16:50,284 - INFO - ---------------train loss---------------
2024-09-19 22:16:50,284 - INFO - Epoch: 199/300, loss_D_A: 0.170, loss_D_B: 0.193, loss_G: 8.589
2024-09-19 22:16:50,284 - INFO - Epoch: 199/300, loss_gan: 0.751, loss_cyc: 7.836, loss_dep: 0.003
2024-09-19 22:16:50,284 - INFO - --------------- test loss---------------
2024-09-19 22:16:50,284 - INFO - Epoch: 199/300, loss_D_A: 0.212, loss_D_B: 0.241, loss_G: 8.608
2024-09-19 22:16:50,284 - INFO - Epoch: 199/300, loss_gan: 0.522, loss_cyc: 8.084, loss_dep: 0.002
2024-09-19 22:16:50,284 - INFO - ****************************************
2024-09-19 22:16:56,343 - INFO - ---------------train loss---------------
2024-09-19 22:16:56,343 - INFO - Epoch: 200/300, loss_D_A: 0.179, loss_D_B: 0.201, loss_G: 8.518
2024-09-19 22:16:56,343 - INFO - Epoch: 200/300, loss_gan: 0.698, loss_cyc: 7.818, loss_dep: 0.003
2024-09-19 22:16:56,343 - INFO - --------------- test loss---------------
2024-09-19 22:16:56,343 - INFO - Epoch: 200/300, loss_D_A: 0.173, loss_D_B: 0.178, loss_G: 8.732
2024-09-19 22:16:56,343 - INFO - Epoch: 200/300, loss_gan: 0.684, loss_cyc: 8.046, loss_dep: 0.002
2024-09-19 22:16:56,343 - INFO - ****************************************
2024-09-19 22:17:02,421 - INFO - ---------------train loss---------------
2024-09-19 22:17:02,422 - INFO - Epoch: 201/300, loss_D_A: 0.165, loss_D_B: 0.182, loss_G: 8.540
2024-09-19 22:17:02,422 - INFO - Epoch: 201/300, loss_gan: 0.746, loss_cyc: 7.792, loss_dep: 0.002
2024-09-19 22:17:02,422 - INFO - --------------- test loss---------------
2024-09-19 22:17:02,422 - INFO - Epoch: 201/300, loss_D_A: 0.177, loss_D_B: 0.216, loss_G: 8.776
2024-09-19 22:17:02,422 - INFO - Epoch: 201/300, loss_gan: 0.763, loss_cyc: 8.011, loss_dep: 0.002
2024-09-19 22:17:02,422 - INFO - ****************************************
2024-09-19 22:17:08,532 - INFO - ---------------train loss---------------
2024-09-19 22:17:08,532 - INFO - Epoch: 202/300, loss_D_A: 0.175, loss_D_B: 0.187, loss_G: 8.507
2024-09-19 22:17:08,532 - INFO - Epoch: 202/300, loss_gan: 0.708, loss_cyc: 7.797, loss_dep: 0.003
2024-09-19 22:17:08,532 - INFO - --------------- test loss---------------
2024-09-19 22:17:08,532 - INFO - Epoch: 202/300, loss_D_A: 0.203, loss_D_B: 0.197, loss_G: 8.931
2024-09-19 22:17:08,532 - INFO - Epoch: 202/300, loss_gan: 0.874, loss_cyc: 8.055, loss_dep: 0.002
2024-09-19 22:17:08,532 - INFO - ****************************************
2024-09-19 22:17:14,661 - INFO - ---------------train loss---------------
2024-09-19 22:17:14,661 - INFO - Epoch: 203/300, loss_D_A: 0.205, loss_D_B: 0.189, loss_G: 8.537
2024-09-19 22:17:14,661 - INFO - Epoch: 203/300, loss_gan: 0.701, loss_cyc: 7.834, loss_dep: 0.002
2024-09-19 22:17:14,661 - INFO - --------------- test loss---------------
2024-09-19 22:17:14,661 - INFO - Epoch: 203/300, loss_D_A: 0.283, loss_D_B: 0.234, loss_G: 9.123
2024-09-19 22:17:14,661 - INFO - Epoch: 203/300, loss_gan: 1.120, loss_cyc: 8.001, loss_dep: 0.002
2024-09-19 22:17:14,661 - INFO - ****************************************
2024-09-19 22:17:20,832 - INFO - ---------------train loss---------------
2024-09-19 22:17:20,832 - INFO - Epoch: 204/300, loss_D_A: 0.218, loss_D_B: 0.193, loss_G: 8.545
2024-09-19 22:17:20,832 - INFO - Epoch: 204/300, loss_gan: 0.762, loss_cyc: 7.780, loss_dep: 0.003
2024-09-19 22:17:20,832 - INFO - --------------- test loss---------------
2024-09-19 22:17:20,832 - INFO - Epoch: 204/300, loss_D_A: 0.190, loss_D_B: 0.197, loss_G: 8.622
2024-09-19 22:17:20,832 - INFO - Epoch: 204/300, loss_gan: 0.630, loss_cyc: 7.990, loss_dep: 0.002
2024-09-19 22:17:20,832 - INFO - ****************************************
2024-09-19 22:17:27,017 - INFO - ---------------train loss---------------
2024-09-19 22:17:27,017 - INFO - Epoch: 205/300, loss_D_A: 0.163, loss_D_B: 0.224, loss_G: 8.559
2024-09-19 22:17:27,017 - INFO - Epoch: 205/300, loss_gan: 0.811, loss_cyc: 7.745, loss_dep: 0.003
2024-09-19 22:17:27,017 - INFO - --------------- test loss---------------
2024-09-19 22:17:27,017 - INFO - Epoch: 205/300, loss_D_A: 0.192, loss_D_B: 0.515, loss_G: 8.446
2024-09-19 22:17:27,017 - INFO - Epoch: 205/300, loss_gan: 0.392, loss_cyc: 8.052, loss_dep: 0.002
2024-09-19 22:17:27,017 - INFO - ****************************************
2024-09-19 22:17:33,229 - INFO - ---------------train loss---------------
2024-09-19 22:17:33,229 - INFO - Epoch: 206/300, loss_D_A: 0.179, loss_D_B: 0.232, loss_G: 8.479
2024-09-19 22:17:33,229 - INFO - Epoch: 206/300, loss_gan: 0.740, loss_cyc: 7.737, loss_dep: 0.003
2024-09-19 22:17:33,229 - INFO - --------------- test loss---------------
2024-09-19 22:17:33,229 - INFO - Epoch: 206/300, loss_D_A: 0.197, loss_D_B: 0.195, loss_G: 8.750
2024-09-19 22:17:33,229 - INFO - Epoch: 206/300, loss_gan: 0.738, loss_cyc: 8.010, loss_dep: 0.002
2024-09-19 22:17:33,229 - INFO - ****************************************
2024-09-19 22:17:39,486 - INFO - ---------------train loss---------------
2024-09-19 22:17:39,486 - INFO - Epoch: 207/300, loss_D_A: 0.170, loss_D_B: 0.180, loss_G: 8.597
2024-09-19 22:17:39,486 - INFO - Epoch: 207/300, loss_gan: 0.743, loss_cyc: 7.851, loss_dep: 0.002
2024-09-19 22:17:39,486 - INFO - --------------- test loss---------------
2024-09-19 22:17:39,486 - INFO - Epoch: 207/300, loss_D_A: 0.176, loss_D_B: 0.195, loss_G: 8.740
2024-09-19 22:17:39,486 - INFO - Epoch: 207/300, loss_gan: 0.685, loss_cyc: 8.053, loss_dep: 0.002
2024-09-19 22:17:39,486 - INFO - ****************************************
2024-09-19 22:17:45,728 - INFO - ---------------train loss---------------
2024-09-19 22:17:45,728 - INFO - Epoch: 208/300, loss_D_A: 0.139, loss_D_B: 0.165, loss_G: 8.640
2024-09-19 22:17:45,728 - INFO - Epoch: 208/300, loss_gan: 0.820, loss_cyc: 7.818, loss_dep: 0.003
2024-09-19 22:17:45,728 - INFO - --------------- test loss---------------
2024-09-19 22:17:45,728 - INFO - Epoch: 208/300, loss_D_A: 0.171, loss_D_B: 0.166, loss_G: 8.876
2024-09-19 22:17:45,728 - INFO - Epoch: 208/300, loss_gan: 0.826, loss_cyc: 8.048, loss_dep: 0.002
2024-09-19 22:17:45,728 - INFO - ****************************************
2024-09-19 22:17:55,834 - INFO - ---------------train loss---------------
2024-09-19 22:17:55,834 - INFO - Epoch: 209/300, loss_D_A: 0.192, loss_D_B: 0.183, loss_G: 8.652
2024-09-19 22:17:55,834 - INFO - Epoch: 209/300, loss_gan: 0.801, loss_cyc: 7.848, loss_dep: 0.003
2024-09-19 22:17:55,834 - INFO - --------------- test loss---------------
2024-09-19 22:17:55,834 - INFO - Epoch: 209/300, loss_D_A: 0.326, loss_D_B: 0.201, loss_G: 8.476
2024-09-19 22:17:55,834 - INFO - Epoch: 209/300, loss_gan: 0.311, loss_cyc: 8.162, loss_dep: 0.002
2024-09-19 22:17:55,835 - INFO - ****************************************
2024-09-19 22:18:02,123 - INFO - ---------------train loss---------------
2024-09-19 22:18:02,124 - INFO - Epoch: 210/300, loss_D_A: 0.212, loss_D_B: 0.174, loss_G: 8.627
2024-09-19 22:18:02,124 - INFO - Epoch: 210/300, loss_gan: 0.791, loss_cyc: 7.833, loss_dep: 0.003
2024-09-19 22:18:02,124 - INFO - --------------- test loss---------------
2024-09-19 22:18:02,124 - INFO - Epoch: 210/300, loss_D_A: 0.195, loss_D_B: 0.183, loss_G: 8.778
2024-09-19 22:18:02,124 - INFO - Epoch: 210/300, loss_gan: 0.775, loss_cyc: 8.001, loss_dep: 0.002
2024-09-19 22:18:02,124 - INFO - ****************************************
2024-09-19 22:18:08,439 - INFO - ---------------train loss---------------
2024-09-19 22:18:08,439 - INFO - Epoch: 211/300, loss_D_A: 0.170, loss_D_B: 0.189, loss_G: 8.498
2024-09-19 22:18:08,439 - INFO - Epoch: 211/300, loss_gan: 0.740, loss_cyc: 7.756, loss_dep: 0.003
2024-09-19 22:18:08,439 - INFO - --------------- test loss---------------
2024-09-19 22:18:08,439 - INFO - Epoch: 211/300, loss_D_A: 0.200, loss_D_B: 0.215, loss_G: 8.689
2024-09-19 22:18:08,439 - INFO - Epoch: 211/300, loss_gan: 0.653, loss_cyc: 8.034, loss_dep: 0.002
2024-09-19 22:18:08,439 - INFO - ****************************************
2024-09-19 22:18:14,777 - INFO - ---------------train loss---------------
2024-09-19 22:18:14,777 - INFO - Epoch: 212/300, loss_D_A: 0.167, loss_D_B: 0.178, loss_G: 8.535
2024-09-19 22:18:14,777 - INFO - Epoch: 212/300, loss_gan: 0.755, loss_cyc: 7.778, loss_dep: 0.003
2024-09-19 22:18:14,777 - INFO - --------------- test loss---------------
2024-09-19 22:18:14,777 - INFO - Epoch: 212/300, loss_D_A: 0.201, loss_D_B: 0.195, loss_G: 8.615
2024-09-19 22:18:14,777 - INFO - Epoch: 212/300, loss_gan: 0.610, loss_cyc: 8.003, loss_dep: 0.002
2024-09-19 22:18:14,777 - INFO - ****************************************
2024-09-19 22:18:21,144 - INFO - ---------------train loss---------------
2024-09-19 22:18:21,144 - INFO - Epoch: 213/300, loss_D_A: 0.181, loss_D_B: 0.229, loss_G: 8.520
2024-09-19 22:18:21,144 - INFO - Epoch: 213/300, loss_gan: 0.795, loss_cyc: 7.723, loss_dep: 0.003
2024-09-19 22:18:21,144 - INFO - --------------- test loss---------------
2024-09-19 22:18:21,144 - INFO - Epoch: 213/300, loss_D_A: 0.189, loss_D_B: 0.256, loss_G: 8.530
2024-09-19 22:18:21,144 - INFO - Epoch: 213/300, loss_gan: 0.545, loss_cyc: 7.982, loss_dep: 0.002
2024-09-19 22:18:21,145 - INFO - ****************************************
2024-09-19 22:18:27,513 - INFO - ---------------train loss---------------
2024-09-19 22:18:27,513 - INFO - Epoch: 214/300, loss_D_A: 0.169, loss_D_B: 0.184, loss_G: 8.398
2024-09-19 22:18:27,513 - INFO - Epoch: 214/300, loss_gan: 0.717, loss_cyc: 7.678, loss_dep: 0.003
2024-09-19 22:18:27,513 - INFO - --------------- test loss---------------
2024-09-19 22:18:27,513 - INFO - Epoch: 214/300, loss_D_A: 0.196, loss_D_B: 0.179, loss_G: 8.748
2024-09-19 22:18:27,513 - INFO - Epoch: 214/300, loss_gan: 0.801, loss_cyc: 7.945, loss_dep: 0.002
2024-09-19 22:18:27,513 - INFO - ****************************************
2024-09-19 22:18:33,909 - INFO - ---------------train loss---------------
2024-09-19 22:18:33,909 - INFO - Epoch: 215/300, loss_D_A: 0.173, loss_D_B: 0.169, loss_G: 8.450
2024-09-19 22:18:33,909 - INFO - Epoch: 215/300, loss_gan: 0.753, loss_cyc: 7.695, loss_dep: 0.003
2024-09-19 22:18:33,909 - INFO - --------------- test loss---------------
2024-09-19 22:18:33,909 - INFO - Epoch: 215/300, loss_D_A: 0.200, loss_D_B: 0.186, loss_G: 8.958
2024-09-19 22:18:33,909 - INFO - Epoch: 215/300, loss_gan: 0.890, loss_cyc: 8.066, loss_dep: 0.002
2024-09-19 22:18:33,909 - INFO - ****************************************
2024-09-19 22:18:40,324 - INFO - ---------------train loss---------------
2024-09-19 22:18:40,324 - INFO - Epoch: 216/300, loss_D_A: 0.187, loss_D_B: 0.181, loss_G: 8.487
2024-09-19 22:18:40,324 - INFO - Epoch: 216/300, loss_gan: 0.738, loss_cyc: 7.746, loss_dep: 0.003
2024-09-19 22:18:40,324 - INFO - --------------- test loss---------------
2024-09-19 22:18:40,324 - INFO - Epoch: 216/300, loss_D_A: 0.215, loss_D_B: 0.185, loss_G: 8.691
2024-09-19 22:18:40,324 - INFO - Epoch: 216/300, loss_gan: 0.733, loss_cyc: 7.956, loss_dep: 0.002
2024-09-19 22:18:40,324 - INFO - ****************************************
2024-09-19 22:18:46,759 - INFO - ---------------train loss---------------
2024-09-19 22:18:46,759 - INFO - Epoch: 217/300, loss_D_A: 0.188, loss_D_B: 0.176, loss_G: 8.418
2024-09-19 22:18:46,759 - INFO - Epoch: 217/300, loss_gan: 0.710, loss_cyc: 7.706, loss_dep: 0.002
2024-09-19 22:18:46,759 - INFO - --------------- test loss---------------
2024-09-19 22:18:46,759 - INFO - Epoch: 217/300, loss_D_A: 0.214, loss_D_B: 0.206, loss_G: 8.795
2024-09-19 22:18:46,759 - INFO - Epoch: 217/300, loss_gan: 0.847, loss_cyc: 7.946, loss_dep: 0.002
2024-09-19 22:18:46,759 - INFO - ****************************************
2024-09-19 22:18:53,217 - INFO - ---------------train loss---------------
2024-09-19 22:18:53,217 - INFO - Epoch: 218/300, loss_D_A: 0.181, loss_D_B: 0.186, loss_G: 8.415
2024-09-19 22:18:53,218 - INFO - Epoch: 218/300, loss_gan: 0.737, loss_cyc: 7.676, loss_dep: 0.002
2024-09-19 22:18:53,218 - INFO - --------------- test loss---------------
2024-09-19 22:18:53,218 - INFO - Epoch: 218/300, loss_D_A: 0.211, loss_D_B: 0.180, loss_G: 8.655
2024-09-19 22:18:53,218 - INFO - Epoch: 218/300, loss_gan: 0.680, loss_cyc: 7.973, loss_dep: 0.002
2024-09-19 22:18:53,218 - INFO - ****************************************
2024-09-19 22:18:59,697 - INFO - ---------------train loss---------------
2024-09-19 22:18:59,697 - INFO - Epoch: 219/300, loss_D_A: 0.188, loss_D_B: 0.185, loss_G: 8.404
2024-09-19 22:18:59,697 - INFO - Epoch: 219/300, loss_gan: 0.701, loss_cyc: 7.700, loss_dep: 0.003
2024-09-19 22:18:59,697 - INFO - --------------- test loss---------------
2024-09-19 22:18:59,697 - INFO - Epoch: 219/300, loss_D_A: 0.209, loss_D_B: 0.211, loss_G: 8.617
2024-09-19 22:18:59,697 - INFO - Epoch: 219/300, loss_gan: 0.667, loss_cyc: 7.948, loss_dep: 0.002
2024-09-19 22:18:59,697 - INFO - ****************************************
2024-09-19 22:19:06,191 - INFO - ---------------train loss---------------
2024-09-19 22:19:06,191 - INFO - Epoch: 220/300, loss_D_A: 0.165, loss_D_B: 0.185, loss_G: 8.413
2024-09-19 22:19:06,191 - INFO - Epoch: 220/300, loss_gan: 0.733, loss_cyc: 7.678, loss_dep: 0.002
2024-09-19 22:19:06,191 - INFO - --------------- test loss---------------
2024-09-19 22:19:06,191 - INFO - Epoch: 220/300, loss_D_A: 0.195, loss_D_B: 0.186, loss_G: 8.794
2024-09-19 22:19:06,191 - INFO - Epoch: 220/300, loss_gan: 0.675, loss_cyc: 8.117, loss_dep: 0.002
2024-09-19 22:19:06,191 - INFO - ****************************************
2024-09-19 22:19:12,707 - INFO - ---------------train loss---------------
2024-09-19 22:19:12,707 - INFO - Epoch: 221/300, loss_D_A: 0.184, loss_D_B: 0.184, loss_G: 8.516
2024-09-19 22:19:12,707 - INFO - Epoch: 221/300, loss_gan: 0.773, loss_cyc: 7.741, loss_dep: 0.002
2024-09-19 22:19:12,707 - INFO - --------------- test loss---------------
2024-09-19 22:19:12,707 - INFO - Epoch: 221/300, loss_D_A: 0.177, loss_D_B: 0.374, loss_G: 8.468
2024-09-19 22:19:12,708 - INFO - Epoch: 221/300, loss_gan: 0.448, loss_cyc: 8.018, loss_dep: 0.002
2024-09-19 22:19:12,708 - INFO - ****************************************
2024-09-19 22:19:19,261 - INFO - ---------------train loss---------------
2024-09-19 22:19:19,261 - INFO - Epoch: 222/300, loss_D_A: 0.176, loss_D_B: 0.222, loss_G: 8.552
2024-09-19 22:19:19,261 - INFO - Epoch: 222/300, loss_gan: 0.805, loss_cyc: 7.745, loss_dep: 0.002
2024-09-19 22:19:19,261 - INFO - --------------- test loss---------------
2024-09-19 22:19:19,261 - INFO - Epoch: 222/300, loss_D_A: 0.229, loss_D_B: 0.179, loss_G: 8.935
2024-09-19 22:19:19,261 - INFO - Epoch: 222/300, loss_gan: 0.989, loss_cyc: 7.944, loss_dep: 0.002
2024-09-19 22:19:19,261 - INFO - ****************************************
2024-09-19 22:19:25,979 - INFO - ---------------train loss---------------
2024-09-19 22:19:25,979 - INFO - Epoch: 223/300, loss_D_A: 0.156, loss_D_B: 0.164, loss_G: 8.468
2024-09-19 22:19:25,979 - INFO - Epoch: 223/300, loss_gan: 0.815, loss_cyc: 7.650, loss_dep: 0.002
2024-09-19 22:19:25,979 - INFO - --------------- test loss---------------
2024-09-19 22:19:25,979 - INFO - Epoch: 223/300, loss_D_A: 0.175, loss_D_B: 0.187, loss_G: 8.630
2024-09-19 22:19:25,979 - INFO - Epoch: 223/300, loss_gan: 0.677, loss_cyc: 7.951, loss_dep: 0.002
2024-09-19 22:19:25,979 - INFO - ****************************************
2024-09-19 22:19:32,669 - INFO - ---------------train loss---------------
2024-09-19 22:19:32,669 - INFO - Epoch: 224/300, loss_D_A: 0.156, loss_D_B: 0.178, loss_G: 8.417
2024-09-19 22:19:32,669 - INFO - Epoch: 224/300, loss_gan: 0.759, loss_cyc: 7.655, loss_dep: 0.003
2024-09-19 22:19:32,669 - INFO - --------------- test loss---------------
2024-09-19 22:19:32,669 - INFO - Epoch: 224/300, loss_D_A: 0.188, loss_D_B: 0.198, loss_G: 8.652
2024-09-19 22:19:32,669 - INFO - Epoch: 224/300, loss_gan: 0.676, loss_cyc: 7.974, loss_dep: 0.002
2024-09-19 22:19:32,669 - INFO - ****************************************
2024-09-19 22:19:39,364 - INFO - ---------------train loss---------------
2024-09-19 22:19:39,364 - INFO - Epoch: 225/300, loss_D_A: 0.165, loss_D_B: 0.193, loss_G: 8.432
2024-09-19 22:19:39,364 - INFO - Epoch: 225/300, loss_gan: 0.753, loss_cyc: 7.676, loss_dep: 0.003
2024-09-19 22:19:39,364 - INFO - --------------- test loss---------------
2024-09-19 22:19:39,364 - INFO - Epoch: 225/300, loss_D_A: 0.212, loss_D_B: 0.184, loss_G: 8.540
2024-09-19 22:19:39,364 - INFO - Epoch: 225/300, loss_gan: 0.570, loss_cyc: 7.968, loss_dep: 0.002
2024-09-19 22:19:39,364 - INFO - ****************************************
2024-09-19 22:19:46,069 - INFO - ---------------train loss---------------
2024-09-19 22:19:46,069 - INFO - Epoch: 226/300, loss_D_A: 0.187, loss_D_B: 0.174, loss_G: 8.485
2024-09-19 22:19:46,069 - INFO - Epoch: 226/300, loss_gan: 0.790, loss_cyc: 7.693, loss_dep: 0.002
2024-09-19 22:19:46,069 - INFO - --------------- test loss---------------
2024-09-19 22:19:46,069 - INFO - Epoch: 226/300, loss_D_A: 0.192, loss_D_B: 0.188, loss_G: 8.633
2024-09-19 22:19:46,069 - INFO - Epoch: 226/300, loss_gan: 0.678, loss_cyc: 7.953, loss_dep: 0.002
2024-09-19 22:19:46,069 - INFO - ****************************************
2024-09-19 22:19:52,781 - INFO - ---------------train loss---------------
2024-09-19 22:19:52,781 - INFO - Epoch: 227/300, loss_D_A: 0.141, loss_D_B: 0.159, loss_G: 8.774
2024-09-19 22:19:52,781 - INFO - Epoch: 227/300, loss_gan: 0.816, loss_cyc: 7.955, loss_dep: 0.003
2024-09-19 22:19:52,781 - INFO - --------------- test loss---------------
2024-09-19 22:19:52,781 - INFO - Epoch: 227/300, loss_D_A: 0.170, loss_D_B: 0.186, loss_G: 8.973
2024-09-19 22:19:52,781 - INFO - Epoch: 227/300, loss_gan: 0.690, loss_cyc: 8.281, loss_dep: 0.002
2024-09-19 22:19:52,782 - INFO - ****************************************
2024-09-19 22:19:59,502 - INFO - ---------------train loss---------------
2024-09-19 22:19:59,503 - INFO - Epoch: 228/300, loss_D_A: 0.143, loss_D_B: 0.138, loss_G: 8.836
2024-09-19 22:19:59,503 - INFO - Epoch: 228/300, loss_gan: 0.872, loss_cyc: 7.961, loss_dep: 0.003
2024-09-19 22:19:59,503 - INFO - --------------- test loss---------------
2024-09-19 22:19:59,503 - INFO - Epoch: 228/300, loss_D_A: 0.167, loss_D_B: 0.147, loss_G: 8.982
2024-09-19 22:19:59,503 - INFO - Epoch: 228/300, loss_gan: 0.883, loss_cyc: 8.097, loss_dep: 0.002
2024-09-19 22:19:59,503 - INFO - ****************************************
2024-09-19 22:20:06,260 - INFO - ---------------train loss---------------
2024-09-19 22:20:06,260 - INFO - Epoch: 229/300, loss_D_A: 0.162, loss_D_B: 0.122, loss_G: 8.719
2024-09-19 22:20:06,260 - INFO - Epoch: 229/300, loss_gan: 0.848, loss_cyc: 7.868, loss_dep: 0.003
2024-09-19 22:20:06,260 - INFO - --------------- test loss---------------
2024-09-19 22:20:06,260 - INFO - Epoch: 229/300, loss_D_A: 0.232, loss_D_B: 0.157, loss_G: 9.482
2024-09-19 22:20:06,260 - INFO - Epoch: 229/300, loss_gan: 1.373, loss_cyc: 8.106, loss_dep: 0.002
2024-09-19 22:20:06,260 - INFO - ****************************************
2024-09-19 22:20:13,063 - INFO - ---------------train loss---------------
2024-09-19 22:20:13,063 - INFO - Epoch: 230/300, loss_D_A: 0.201, loss_D_B: 0.194, loss_G: 8.785
2024-09-19 22:20:13,063 - INFO - Epoch: 230/300, loss_gan: 0.869, loss_cyc: 7.913, loss_dep: 0.003
2024-09-19 22:20:13,063 - INFO - --------------- test loss---------------
2024-09-19 22:20:13,064 - INFO - Epoch: 230/300, loss_D_A: 0.187, loss_D_B: 0.214, loss_G: 9.172
2024-09-19 22:20:13,064 - INFO - Epoch: 230/300, loss_gan: 1.078, loss_cyc: 8.092, loss_dep: 0.002
2024-09-19 22:20:13,064 - INFO - ****************************************
2024-09-19 22:20:19,877 - INFO - ---------------train loss---------------
2024-09-19 22:20:19,877 - INFO - Epoch: 231/300, loss_D_A: 0.168, loss_D_B: 0.188, loss_G: 8.579
2024-09-19 22:20:19,877 - INFO - Epoch: 231/300, loss_gan: 0.777, loss_cyc: 7.800, loss_dep: 0.002
2024-09-19 22:20:19,878 - INFO - --------------- test loss---------------
2024-09-19 22:20:19,878 - INFO - Epoch: 231/300, loss_D_A: 0.192, loss_D_B: 0.176, loss_G: 8.819
2024-09-19 22:20:19,878 - INFO - Epoch: 231/300, loss_gan: 0.763, loss_cyc: 8.054, loss_dep: 0.002
2024-09-19 22:20:19,878 - INFO - ****************************************
2024-09-19 22:20:26,681 - INFO - ---------------train loss---------------
2024-09-19 22:20:26,681 - INFO - Epoch: 232/300, loss_D_A: 0.160, loss_D_B: 0.167, loss_G: 8.532
2024-09-19 22:20:26,681 - INFO - Epoch: 232/300, loss_gan: 0.776, loss_cyc: 7.753, loss_dep: 0.002
2024-09-19 22:20:26,681 - INFO - --------------- test loss---------------
2024-09-19 22:20:26,681 - INFO - Epoch: 232/300, loss_D_A: 0.203, loss_D_B: 0.201, loss_G: 8.725
2024-09-19 22:20:26,681 - INFO - Epoch: 232/300, loss_gan: 0.716, loss_cyc: 8.008, loss_dep: 0.002
2024-09-19 22:20:26,681 - INFO - ****************************************
2024-09-19 22:20:33,561 - INFO - ---------------train loss---------------
2024-09-19 22:20:33,561 - INFO - Epoch: 233/300, loss_D_A: 0.146, loss_D_B: 0.176, loss_G: 8.911
2024-09-19 22:20:33,561 - INFO - Epoch: 233/300, loss_gan: 0.836, loss_cyc: 8.073, loss_dep: 0.003
2024-09-19 22:20:33,561 - INFO - --------------- test loss---------------
2024-09-19 22:20:33,561 - INFO - Epoch: 233/300, loss_D_A: 0.172, loss_D_B: 0.179, loss_G: 8.963
2024-09-19 22:20:33,561 - INFO - Epoch: 233/300, loss_gan: 0.859, loss_cyc: 8.101, loss_dep: 0.002
2024-09-19 22:20:33,561 - INFO - ****************************************
2024-09-19 22:20:40,415 - INFO - ---------------train loss---------------
2024-09-19 22:20:40,415 - INFO - Epoch: 234/300, loss_D_A: 0.135, loss_D_B: 0.136, loss_G: 8.714
2024-09-19 22:20:40,415 - INFO - Epoch: 234/300, loss_gan: 0.861, loss_cyc: 7.850, loss_dep: 0.003
2024-09-19 22:20:40,415 - INFO - --------------- test loss---------------
2024-09-19 22:20:40,415 - INFO - Epoch: 234/300, loss_D_A: 0.155, loss_D_B: 0.143, loss_G: 8.971
2024-09-19 22:20:40,415 - INFO - Epoch: 234/300, loss_gan: 0.845, loss_cyc: 8.125, loss_dep: 0.002
2024-09-19 22:20:40,415 - INFO - ****************************************
2024-09-19 22:20:47,339 - INFO - ---------------train loss---------------
2024-09-19 22:20:47,339 - INFO - Epoch: 235/300, loss_D_A: 0.138, loss_D_B: 0.124, loss_G: 8.770
2024-09-19 22:20:47,339 - INFO - Epoch: 235/300, loss_gan: 0.868, loss_cyc: 7.899, loss_dep: 0.003
2024-09-19 22:20:47,339 - INFO - --------------- test loss---------------
2024-09-19 22:20:47,339 - INFO - Epoch: 235/300, loss_D_A: 0.175, loss_D_B: 0.131, loss_G: 9.088
2024-09-19 22:20:47,339 - INFO - Epoch: 235/300, loss_gan: 0.897, loss_cyc: 8.189, loss_dep: 0.002
2024-09-19 22:20:47,339 - INFO - ****************************************
2024-09-19 22:20:54,248 - INFO - ---------------train loss---------------
2024-09-19 22:20:54,248 - INFO - Epoch: 236/300, loss_D_A: 0.170, loss_D_B: 0.159, loss_G: 8.664
2024-09-19 22:20:54,248 - INFO - Epoch: 236/300, loss_gan: 0.774, loss_cyc: 7.888, loss_dep: 0.002
2024-09-19 22:20:54,248 - INFO - --------------- test loss---------------
2024-09-19 22:20:54,248 - INFO - Epoch: 236/300, loss_D_A: 0.185, loss_D_B: 0.191, loss_G: 9.231
2024-09-19 22:20:54,248 - INFO - Epoch: 236/300, loss_gan: 1.113, loss_cyc: 8.116, loss_dep: 0.002
2024-09-19 22:20:54,248 - INFO - ****************************************
2024-09-19 22:21:01,155 - INFO - ---------------train loss---------------
2024-09-19 22:21:01,155 - INFO - Epoch: 237/300, loss_D_A: 0.162, loss_D_B: 0.180, loss_G: 8.614
2024-09-19 22:21:01,155 - INFO - Epoch: 237/300, loss_gan: 0.782, loss_cyc: 7.829, loss_dep: 0.003
2024-09-19 22:21:01,155 - INFO - --------------- test loss---------------
2024-09-19 22:21:01,155 - INFO - Epoch: 237/300, loss_D_A: 0.189, loss_D_B: 0.161, loss_G: 8.869
2024-09-19 22:21:01,155 - INFO - Epoch: 237/300, loss_gan: 0.805, loss_cyc: 8.062, loss_dep: 0.002
2024-09-19 22:21:01,155 - INFO - ****************************************
2024-09-19 22:21:08,071 - INFO - ---------------train loss---------------
2024-09-19 22:21:08,072 - INFO - Epoch: 238/300, loss_D_A: 0.174, loss_D_B: 0.173, loss_G: 8.522
2024-09-19 22:21:08,072 - INFO - Epoch: 238/300, loss_gan: 0.739, loss_cyc: 7.780, loss_dep: 0.002
2024-09-19 22:21:08,072 - INFO - --------------- test loss---------------
2024-09-19 22:21:08,072 - INFO - Epoch: 238/300, loss_D_A: 0.178, loss_D_B: 0.199, loss_G: 8.945
2024-09-19 22:21:08,072 - INFO - Epoch: 238/300, loss_gan: 0.898, loss_cyc: 8.045, loss_dep: 0.002
2024-09-19 22:21:08,072 - INFO - ****************************************
2024-09-19 22:21:15,004 - INFO - ---------------train loss---------------
2024-09-19 22:21:15,004 - INFO - Epoch: 239/300, loss_D_A: 0.164, loss_D_B: 0.203, loss_G: 8.513
2024-09-19 22:21:15,004 - INFO - Epoch: 239/300, loss_gan: 0.737, loss_cyc: 7.773, loss_dep: 0.003
2024-09-19 22:21:15,004 - INFO - --------------- test loss---------------
2024-09-19 22:21:15,004 - INFO - Epoch: 239/300, loss_D_A: 0.179, loss_D_B: 0.220, loss_G: 8.793
2024-09-19 22:21:15,005 - INFO - Epoch: 239/300, loss_gan: 0.774, loss_cyc: 8.017, loss_dep: 0.002
2024-09-19 22:21:15,005 - INFO - ****************************************
2024-09-19 22:21:21,961 - INFO - ---------------train loss---------------
2024-09-19 22:21:21,961 - INFO - Epoch: 240/300, loss_D_A: 0.163, loss_D_B: 0.177, loss_G: 8.488
2024-09-19 22:21:21,961 - INFO - Epoch: 240/300, loss_gan: 0.761, loss_cyc: 7.724, loss_dep: 0.002
2024-09-19 22:21:21,961 - INFO - --------------- test loss---------------
2024-09-19 22:21:21,961 - INFO - Epoch: 240/300, loss_D_A: 0.197, loss_D_B: 0.172, loss_G: 8.763
2024-09-19 22:21:21,961 - INFO - Epoch: 240/300, loss_gan: 0.770, loss_cyc: 7.991, loss_dep: 0.002
2024-09-19 22:21:21,961 - INFO - ****************************************
2024-09-19 22:21:28,931 - INFO - ---------------train loss---------------
2024-09-19 22:21:28,931 - INFO - Epoch: 241/300, loss_D_A: 0.185, loss_D_B: 0.162, loss_G: 8.452
2024-09-19 22:21:28,931 - INFO - Epoch: 241/300, loss_gan: 0.745, loss_cyc: 7.705, loss_dep: 0.002
2024-09-19 22:21:28,931 - INFO - --------------- test loss---------------
2024-09-19 22:21:28,931 - INFO - Epoch: 241/300, loss_D_A: 0.198, loss_D_B: 0.164, loss_G: 8.703
2024-09-19 22:21:28,931 - INFO - Epoch: 241/300, loss_gan: 0.724, loss_cyc: 7.977, loss_dep: 0.002
2024-09-19 22:21:28,931 - INFO - ****************************************
2024-09-19 22:21:35,930 - INFO - ---------------train loss---------------
2024-09-19 22:21:35,930 - INFO - Epoch: 242/300, loss_D_A: 0.159, loss_D_B: 0.158, loss_G: 8.466
2024-09-19 22:21:35,930 - INFO - Epoch: 242/300, loss_gan: 0.774, loss_cyc: 7.689, loss_dep: 0.003
2024-09-19 22:21:35,930 - INFO - --------------- test loss---------------
2024-09-19 22:21:35,930 - INFO - Epoch: 242/300, loss_D_A: 0.186, loss_D_B: 0.190, loss_G: 8.784
2024-09-19 22:21:35,930 - INFO - Epoch: 242/300, loss_gan: 0.830, loss_cyc: 7.952, loss_dep: 0.002
2024-09-19 22:21:35,930 - INFO - ****************************************
2024-09-19 22:21:42,956 - INFO - ---------------train loss---------------
2024-09-19 22:21:42,957 - INFO - Epoch: 243/300, loss_D_A: 0.161, loss_D_B: 0.178, loss_G: 8.425
2024-09-19 22:21:42,957 - INFO - Epoch: 243/300, loss_gan: 0.761, loss_cyc: 7.662, loss_dep: 0.002
2024-09-19 22:21:42,957 - INFO - --------------- test loss---------------
2024-09-19 22:21:42,957 - INFO - Epoch: 243/300, loss_D_A: 0.208, loss_D_B: 0.210, loss_G: 8.698
2024-09-19 22:21:42,957 - INFO - Epoch: 243/300, loss_gan: 0.742, loss_cyc: 7.954, loss_dep: 0.002
2024-09-19 22:21:42,957 - INFO - ****************************************
2024-09-19 22:21:50,009 - INFO - ---------------train loss---------------
2024-09-19 22:21:50,009 - INFO - Epoch: 244/300, loss_D_A: 0.162, loss_D_B: 0.170, loss_G: 8.432
2024-09-19 22:21:50,010 - INFO - Epoch: 244/300, loss_gan: 0.785, loss_cyc: 7.645, loss_dep: 0.003
2024-09-19 22:21:50,010 - INFO - --------------- test loss---------------
2024-09-19 22:21:50,010 - INFO - Epoch: 244/300, loss_D_A: 0.182, loss_D_B: 0.184, loss_G: 8.622
2024-09-19 22:21:50,010 - INFO - Epoch: 244/300, loss_gan: 0.667, loss_cyc: 7.954, loss_dep: 0.002
2024-09-19 22:21:50,010 - INFO - ****************************************
2024-09-19 22:21:57,050 - INFO - ---------------train loss---------------
2024-09-19 22:21:57,050 - INFO - Epoch: 245/300, loss_D_A: 0.154, loss_D_B: 0.163, loss_G: 8.420
2024-09-19 22:21:57,050 - INFO - Epoch: 245/300, loss_gan: 0.787, loss_cyc: 7.631, loss_dep: 0.002
2024-09-19 22:21:57,050 - INFO - --------------- test loss---------------
2024-09-19 22:21:57,050 - INFO - Epoch: 245/300, loss_D_A: 0.192, loss_D_B: 0.199, loss_G: 8.614
2024-09-19 22:21:57,050 - INFO - Epoch: 245/300, loss_gan: 0.632, loss_cyc: 7.980, loss_dep: 0.002
2024-09-19 22:21:57,050 - INFO - ****************************************
2024-09-19 22:22:04,120 - INFO - ---------------train loss---------------
2024-09-19 22:22:04,121 - INFO - Epoch: 246/300, loss_D_A: 0.153, loss_D_B: 0.177, loss_G: 8.418
2024-09-19 22:22:04,121 - INFO - Epoch: 246/300, loss_gan: 0.771, loss_cyc: 7.644, loss_dep: 0.003
2024-09-19 22:22:04,121 - INFO - --------------- test loss---------------
2024-09-19 22:22:04,121 - INFO - Epoch: 246/300, loss_D_A: 0.166, loss_D_B: 0.203, loss_G: 8.764
2024-09-19 22:22:04,121 - INFO - Epoch: 246/300, loss_gan: 0.853, loss_cyc: 7.908, loss_dep: 0.002
2024-09-19 22:22:04,121 - INFO - ****************************************
2024-09-19 22:22:11,213 - INFO - ---------------train loss---------------
2024-09-19 22:22:11,213 - INFO - Epoch: 247/300, loss_D_A: 0.150, loss_D_B: 0.161, loss_G: 8.439
2024-09-19 22:22:11,213 - INFO - Epoch: 247/300, loss_gan: 0.800, loss_cyc: 7.636, loss_dep: 0.003
2024-09-19 22:22:11,213 - INFO - --------------- test loss---------------
2024-09-19 22:22:11,213 - INFO - Epoch: 247/300, loss_D_A: 0.185, loss_D_B: 0.191, loss_G: 8.720
2024-09-19 22:22:11,213 - INFO - Epoch: 247/300, loss_gan: 0.799, loss_cyc: 7.919, loss_dep: 0.002
2024-09-19 22:22:11,213 - INFO - ****************************************
2024-09-19 22:22:18,315 - INFO - ---------------train loss---------------
2024-09-19 22:22:18,315 - INFO - Epoch: 248/300, loss_D_A: 0.151, loss_D_B: 0.176, loss_G: 8.399
2024-09-19 22:22:18,315 - INFO - Epoch: 248/300, loss_gan: 0.785, loss_cyc: 7.612, loss_dep: 0.002
2024-09-19 22:22:18,315 - INFO - --------------- test loss---------------
2024-09-19 22:22:18,315 - INFO - Epoch: 248/300, loss_D_A: 0.171, loss_D_B: 0.214, loss_G: 8.671
2024-09-19 22:22:18,315 - INFO - Epoch: 248/300, loss_gan: 0.725, loss_cyc: 7.944, loss_dep: 0.002
2024-09-19 22:22:18,315 - INFO - ****************************************
2024-09-19 22:22:25,444 - INFO - ---------------train loss---------------
2024-09-19 22:22:25,444 - INFO - Epoch: 249/300, loss_D_A: 0.137, loss_D_B: 0.174, loss_G: 8.433
2024-09-19 22:22:25,444 - INFO - Epoch: 249/300, loss_gan: 0.810, loss_cyc: 7.621, loss_dep: 0.003
2024-09-19 22:22:25,444 - INFO - --------------- test loss---------------
2024-09-19 22:22:25,444 - INFO - Epoch: 249/300, loss_D_A: 0.169, loss_D_B: 0.196, loss_G: 8.708
2024-09-19 22:22:25,444 - INFO - Epoch: 249/300, loss_gan: 0.794, loss_cyc: 7.912, loss_dep: 0.002
2024-09-19 22:22:25,444 - INFO - ****************************************
2024-09-19 22:22:32,603 - INFO - ---------------train loss---------------
2024-09-19 22:22:32,603 - INFO - Epoch: 250/300, loss_D_A: 0.143, loss_D_B: 0.156, loss_G: 8.446
2024-09-19 22:22:32,603 - INFO - Epoch: 250/300, loss_gan: 0.816, loss_cyc: 7.627, loss_dep: 0.003
2024-09-19 22:22:32,603 - INFO - --------------- test loss---------------
2024-09-19 22:22:32,603 - INFO - Epoch: 250/300, loss_D_A: 0.176, loss_D_B: 0.186, loss_G: 8.791
2024-09-19 22:22:32,603 - INFO - Epoch: 250/300, loss_gan: 0.878, loss_cyc: 7.911, loss_dep: 0.002
2024-09-19 22:22:32,603 - INFO - ****************************************
2024-09-19 22:22:39,766 - INFO - ---------------train loss---------------
2024-09-19 22:22:39,766 - INFO - Epoch: 251/300, loss_D_A: 0.143, loss_D_B: 0.175, loss_G: 8.413
2024-09-19 22:22:39,766 - INFO - Epoch: 251/300, loss_gan: 0.806, loss_cyc: 7.605, loss_dep: 0.003
2024-09-19 22:22:39,766 - INFO - --------------- test loss---------------
2024-09-19 22:22:39,766 - INFO - Epoch: 251/300, loss_D_A: 0.170, loss_D_B: 0.181, loss_G: 8.713
2024-09-19 22:22:39,766 - INFO - Epoch: 251/300, loss_gan: 0.842, loss_cyc: 7.869, loss_dep: 0.002
2024-09-19 22:22:39,766 - INFO - ****************************************
2024-09-19 22:22:46,967 - INFO - ---------------train loss---------------
2024-09-19 22:22:46,968 - INFO - Epoch: 252/300, loss_D_A: 0.131, loss_D_B: 0.155, loss_G: 8.529
2024-09-19 22:22:46,968 - INFO - Epoch: 252/300, loss_gan: 0.858, loss_cyc: 7.669, loss_dep: 0.003
2024-09-19 22:22:46,968 - INFO - --------------- test loss---------------
2024-09-19 22:22:46,968 - INFO - Epoch: 252/300, loss_D_A: 0.170, loss_D_B: 0.182, loss_G: 8.675
2024-09-19 22:22:46,968 - INFO - Epoch: 252/300, loss_gan: 0.722, loss_cyc: 7.951, loss_dep: 0.002
2024-09-19 22:22:46,968 - INFO - ****************************************
2024-09-19 22:22:54,169 - INFO - ---------------train loss---------------
2024-09-19 22:22:54,169 - INFO - Epoch: 253/300, loss_D_A: 0.138, loss_D_B: 0.145, loss_G: 8.512
2024-09-19 22:22:54,169 - INFO - Epoch: 253/300, loss_gan: 0.841, loss_cyc: 7.669, loss_dep: 0.003
2024-09-19 22:22:54,169 - INFO - --------------- test loss---------------
2024-09-19 22:22:54,169 - INFO - Epoch: 253/300, loss_D_A: 0.159, loss_D_B: 0.148, loss_G: 8.844
2024-09-19 22:22:54,169 - INFO - Epoch: 253/300, loss_gan: 0.890, loss_cyc: 7.952, loss_dep: 0.002
2024-09-19 22:22:54,169 - INFO - ****************************************
2024-09-19 22:23:01,389 - INFO - ---------------train loss---------------
2024-09-19 22:23:01,389 - INFO - Epoch: 254/300, loss_D_A: 0.123, loss_D_B: 0.147, loss_G: 8.520
2024-09-19 22:23:01,389 - INFO - Epoch: 254/300, loss_gan: 0.871, loss_cyc: 7.646, loss_dep: 0.002
2024-09-19 22:23:01,389 - INFO - --------------- test loss---------------
2024-09-19 22:23:01,389 - INFO - Epoch: 254/300, loss_D_A: 0.161, loss_D_B: 0.192, loss_G: 8.734
2024-09-19 22:23:01,390 - INFO - Epoch: 254/300, loss_gan: 0.805, loss_cyc: 7.927, loss_dep: 0.002
2024-09-19 22:23:01,390 - INFO - ****************************************
2024-09-19 22:23:08,625 - INFO - ---------------train loss---------------
2024-09-19 22:23:08,625 - INFO - Epoch: 255/300, loss_D_A: 0.141, loss_D_B: 0.168, loss_G: 8.465
2024-09-19 22:23:08,625 - INFO - Epoch: 255/300, loss_gan: 0.816, loss_cyc: 7.647, loss_dep: 0.002
2024-09-19 22:23:08,625 - INFO - --------------- test loss---------------
2024-09-19 22:23:08,625 - INFO - Epoch: 255/300, loss_D_A: 0.177, loss_D_B: 0.189, loss_G: 8.757
2024-09-19 22:23:08,625 - INFO - Epoch: 255/300, loss_gan: 0.805, loss_cyc: 7.950, loss_dep: 0.002
2024-09-19 22:23:08,625 - INFO - ****************************************
2024-09-19 22:23:15,888 - INFO - ---------------train loss---------------
2024-09-19 22:23:15,888 - INFO - Epoch: 256/300, loss_D_A: 0.149, loss_D_B: 0.159, loss_G: 8.484
2024-09-19 22:23:15,888 - INFO - Epoch: 256/300, loss_gan: 0.815, loss_cyc: 7.666, loss_dep: 0.003
2024-09-19 22:23:15,888 - INFO - --------------- test loss---------------
2024-09-19 22:23:15,888 - INFO - Epoch: 256/300, loss_D_A: 0.167, loss_D_B: 0.184, loss_G: 8.776
2024-09-19 22:23:15,888 - INFO - Epoch: 256/300, loss_gan: 0.860, loss_cyc: 7.915, loss_dep: 0.002
2024-09-19 22:23:15,888 - INFO - ****************************************
2024-09-19 22:23:23,174 - INFO - ---------------train loss---------------
2024-09-19 22:23:23,175 - INFO - Epoch: 257/300, loss_D_A: 0.141, loss_D_B: 0.156, loss_G: 8.415
2024-09-19 22:23:23,175 - INFO - Epoch: 257/300, loss_gan: 0.817, loss_cyc: 7.595, loss_dep: 0.002
2024-09-19 22:23:23,175 - INFO - --------------- test loss---------------
2024-09-19 22:23:23,175 - INFO - Epoch: 257/300, loss_D_A: 0.187, loss_D_B: 0.192, loss_G: 8.702
2024-09-19 22:23:23,175 - INFO - Epoch: 257/300, loss_gan: 0.779, loss_cyc: 7.920, loss_dep: 0.002
2024-09-19 22:23:23,175 - INFO - ****************************************
2024-09-19 22:23:30,490 - INFO - ---------------train loss---------------
2024-09-19 22:23:30,490 - INFO - Epoch: 258/300, loss_D_A: 0.146, loss_D_B: 0.168, loss_G: 8.388
2024-09-19 22:23:30,490 - INFO - Epoch: 258/300, loss_gan: 0.790, loss_cyc: 7.596, loss_dep: 0.003
2024-09-19 22:23:30,490 - INFO - --------------- test loss---------------
2024-09-19 22:23:30,490 - INFO - Epoch: 258/300, loss_D_A: 0.177, loss_D_B: 0.199, loss_G: 8.775
2024-09-19 22:23:30,490 - INFO - Epoch: 258/300, loss_gan: 0.824, loss_cyc: 7.948, loss_dep: 0.002
2024-09-19 22:23:30,490 - INFO - ****************************************
2024-09-19 22:23:37,836 - INFO - ---------------train loss---------------
2024-09-19 22:23:37,837 - INFO - Epoch: 259/300, loss_D_A: 0.139, loss_D_B: 0.165, loss_G: 8.403
2024-09-19 22:23:37,837 - INFO - Epoch: 259/300, loss_gan: 0.815, loss_cyc: 7.586, loss_dep: 0.003
2024-09-19 22:23:37,837 - INFO - --------------- test loss---------------
2024-09-19 22:23:37,837 - INFO - Epoch: 259/300, loss_D_A: 0.204, loss_D_B: 0.187, loss_G: 8.789
2024-09-19 22:23:37,837 - INFO - Epoch: 259/300, loss_gan: 0.884, loss_cyc: 7.902, loss_dep: 0.002
2024-09-19 22:23:37,837 - INFO - ****************************************
2024-09-19 22:23:49,953 - INFO - ---------------train loss---------------
2024-09-19 22:23:49,954 - INFO - Epoch: 260/300, loss_D_A: 0.146, loss_D_B: 0.160, loss_G: 8.386
2024-09-19 22:23:49,954 - INFO - Epoch: 260/300, loss_gan: 0.811, loss_cyc: 7.573, loss_dep: 0.002
2024-09-19 22:23:49,954 - INFO - --------------- test loss---------------
2024-09-19 22:23:49,954 - INFO - Epoch: 260/300, loss_D_A: 0.176, loss_D_B: 0.202, loss_G: 8.691
2024-09-19 22:23:49,954 - INFO - Epoch: 260/300, loss_gan: 0.802, loss_cyc: 7.887, loss_dep: 0.002
2024-09-19 22:23:49,954 - INFO - ****************************************
2024-09-19 22:23:57,336 - INFO - ---------------train loss---------------
2024-09-19 22:23:57,336 - INFO - Epoch: 261/300, loss_D_A: 0.145, loss_D_B: 0.169, loss_G: 8.346
2024-09-19 22:23:57,336 - INFO - Epoch: 261/300, loss_gan: 0.792, loss_cyc: 7.551, loss_dep: 0.002
2024-09-19 22:23:57,336 - INFO - --------------- test loss---------------
2024-09-19 22:23:57,336 - INFO - Epoch: 261/300, loss_D_A: 0.184, loss_D_B: 0.183, loss_G: 8.716
2024-09-19 22:23:57,336 - INFO - Epoch: 261/300, loss_gan: 0.840, loss_cyc: 7.874, loss_dep: 0.002
2024-09-19 22:23:57,336 - INFO - ****************************************
2024-09-19 22:24:04,737 - INFO - ---------------train loss---------------
2024-09-19 22:24:04,737 - INFO - Epoch: 262/300, loss_D_A: 0.134, loss_D_B: 0.160, loss_G: 8.385
2024-09-19 22:24:04,737 - INFO - Epoch: 262/300, loss_gan: 0.822, loss_cyc: 7.560, loss_dep: 0.002
2024-09-19 22:24:04,737 - INFO - --------------- test loss---------------
2024-09-19 22:24:04,737 - INFO - Epoch: 262/300, loss_D_A: 0.155, loss_D_B: 0.181, loss_G: 8.747
2024-09-19 22:24:04,737 - INFO - Epoch: 262/300, loss_gan: 0.871, loss_cyc: 7.874, loss_dep: 0.002
2024-09-19 22:24:04,737 - INFO - ****************************************
2024-09-19 22:24:12,126 - INFO - ---------------train loss---------------
2024-09-19 22:24:12,126 - INFO - Epoch: 263/300, loss_D_A: 0.134, loss_D_B: 0.160, loss_G: 8.359
2024-09-19 22:24:12,127 - INFO - Epoch: 263/300, loss_gan: 0.819, loss_cyc: 7.538, loss_dep: 0.002
2024-09-19 22:24:12,127 - INFO - --------------- test loss---------------
2024-09-19 22:24:12,127 - INFO - Epoch: 263/300, loss_D_A: 0.172, loss_D_B: 0.187, loss_G: 8.698
2024-09-19 22:24:12,127 - INFO - Epoch: 263/300, loss_gan: 0.831, loss_cyc: 7.865, loss_dep: 0.002
2024-09-19 22:24:12,127 - INFO - ****************************************
2024-09-19 22:24:19,536 - INFO - ---------------train loss---------------
2024-09-19 22:24:19,536 - INFO - Epoch: 264/300, loss_D_A: 0.139, loss_D_B: 0.174, loss_G: 8.304
2024-09-19 22:24:19,536 - INFO - Epoch: 264/300, loss_gan: 0.781, loss_cyc: 7.520, loss_dep: 0.002
2024-09-19 22:24:19,537 - INFO - --------------- test loss---------------
2024-09-19 22:24:19,537 - INFO - Epoch: 264/300, loss_D_A: 0.176, loss_D_B: 0.183, loss_G: 8.682
2024-09-19 22:24:19,537 - INFO - Epoch: 264/300, loss_gan: 0.837, loss_cyc: 7.843, loss_dep: 0.002
2024-09-19 22:24:19,537 - INFO - ****************************************
2024-09-19 22:24:26,672 - INFO - ---------------train loss---------------
2024-09-19 22:24:26,672 - INFO - Epoch: 265/300, loss_D_A: 0.142, loss_D_B: 0.151, loss_G: 8.321
2024-09-19 22:24:26,672 - INFO - Epoch: 265/300, loss_gan: 0.815, loss_cyc: 7.504, loss_dep: 0.002
2024-09-19 22:24:26,672 - INFO - --------------- test loss---------------
2024-09-19 22:24:26,672 - INFO - Epoch: 265/300, loss_D_A: 0.168, loss_D_B: 0.168, loss_G: 8.715
2024-09-19 22:24:26,672 - INFO - Epoch: 265/300, loss_gan: 0.887, loss_cyc: 7.826, loss_dep: 0.002
2024-09-19 22:24:26,672 - INFO - ****************************************
2024-09-19 22:24:33,814 - INFO - ---------------train loss---------------
2024-09-19 22:24:33,815 - INFO - Epoch: 266/300, loss_D_A: 0.131, loss_D_B: 0.146, loss_G: 8.364
2024-09-19 22:24:33,815 - INFO - Epoch: 266/300, loss_gan: 0.845, loss_cyc: 7.516, loss_dep: 0.003
2024-09-19 22:24:33,815 - INFO - --------------- test loss---------------
2024-09-19 22:24:33,815 - INFO - Epoch: 266/300, loss_D_A: 0.186, loss_D_B: 0.162, loss_G: 8.710
2024-09-19 22:24:33,815 - INFO - Epoch: 266/300, loss_gan: 0.860, loss_cyc: 7.848, loss_dep: 0.002
2024-09-19 22:24:33,815 - INFO - ****************************************
2024-09-19 22:24:40,986 - INFO - ---------------train loss---------------
2024-09-19 22:24:40,986 - INFO - Epoch: 267/300, loss_D_A: 0.146, loss_D_B: 0.141, loss_G: 8.353
2024-09-19 22:24:40,986 - INFO - Epoch: 267/300, loss_gan: 0.836, loss_cyc: 7.515, loss_dep: 0.003
2024-09-19 22:24:40,986 - INFO - --------------- test loss---------------
2024-09-19 22:24:40,986 - INFO - Epoch: 267/300, loss_D_A: 0.169, loss_D_B: 0.171, loss_G: 8.718
2024-09-19 22:24:40,986 - INFO - Epoch: 267/300, loss_gan: 0.885, loss_cyc: 7.831, loss_dep: 0.002
2024-09-19 22:24:40,986 - INFO - ****************************************
2024-09-19 22:24:48,156 - INFO - ---------------train loss---------------
2024-09-19 22:24:48,156 - INFO - Epoch: 268/300, loss_D_A: 0.134, loss_D_B: 0.155, loss_G: 8.348
2024-09-19 22:24:48,156 - INFO - Epoch: 268/300, loss_gan: 0.835, loss_cyc: 7.510, loss_dep: 0.003
2024-09-19 22:24:48,156 - INFO - --------------- test loss---------------
2024-09-19 22:24:48,156 - INFO - Epoch: 268/300, loss_D_A: 0.187, loss_D_B: 0.179, loss_G: 8.689
2024-09-19 22:24:48,156 - INFO - Epoch: 268/300, loss_gan: 0.854, loss_cyc: 7.833, loss_dep: 0.002
2024-09-19 22:24:48,156 - INFO - ****************************************
2024-09-19 22:24:55,361 - INFO - ---------------train loss---------------
2024-09-19 22:24:55,362 - INFO - Epoch: 269/300, loss_D_A: 0.145, loss_D_B: 0.144, loss_G: 8.352
2024-09-19 22:24:55,362 - INFO - Epoch: 269/300, loss_gan: 0.832, loss_cyc: 7.517, loss_dep: 0.003
2024-09-19 22:24:55,362 - INFO - --------------- test loss---------------
2024-09-19 22:24:55,362 - INFO - Epoch: 269/300, loss_D_A: 0.173, loss_D_B: 0.151, loss_G: 8.666
2024-09-19 22:24:55,362 - INFO - Epoch: 269/300, loss_gan: 0.825, loss_cyc: 7.839, loss_dep: 0.002
2024-09-19 22:24:55,362 - INFO - ****************************************
2024-09-19 22:25:02,567 - INFO - ---------------train loss---------------
2024-09-19 22:25:02,567 - INFO - Epoch: 270/300, loss_D_A: 0.136, loss_D_B: 0.144, loss_G: 8.344
2024-09-19 22:25:02,567 - INFO - Epoch: 270/300, loss_gan: 0.837, loss_cyc: 7.505, loss_dep: 0.003
2024-09-19 22:25:02,567 - INFO - --------------- test loss---------------
2024-09-19 22:25:02,567 - INFO - Epoch: 270/300, loss_D_A: 0.170, loss_D_B: 0.173, loss_G: 8.645
2024-09-19 22:25:02,567 - INFO - Epoch: 270/300, loss_gan: 0.819, loss_cyc: 7.824, loss_dep: 0.002
2024-09-19 22:25:02,567 - INFO - ****************************************
2024-09-19 22:25:09,796 - INFO - ---------------train loss---------------
2024-09-19 22:25:09,796 - INFO - Epoch: 271/300, loss_D_A: 0.131, loss_D_B: 0.148, loss_G: 8.352
2024-09-19 22:25:09,796 - INFO - Epoch: 271/300, loss_gan: 0.839, loss_cyc: 7.511, loss_dep: 0.003
2024-09-19 22:25:09,796 - INFO - --------------- test loss---------------
2024-09-19 22:25:09,796 - INFO - Epoch: 271/300, loss_D_A: 0.170, loss_D_B: 0.172, loss_G: 8.668
2024-09-19 22:25:09,796 - INFO - Epoch: 271/300, loss_gan: 0.853, loss_cyc: 7.813, loss_dep: 0.002
2024-09-19 22:25:09,796 - INFO - ****************************************
2024-09-19 22:25:17,046 - INFO - ---------------train loss---------------
2024-09-19 22:25:17,047 - INFO - Epoch: 272/300, loss_D_A: 0.138, loss_D_B: 0.153, loss_G: 8.304
2024-09-19 22:25:17,047 - INFO - Epoch: 272/300, loss_gan: 0.823, loss_cyc: 7.478, loss_dep: 0.003
2024-09-19 22:25:17,047 - INFO - --------------- test loss---------------
2024-09-19 22:25:17,047 - INFO - Epoch: 272/300, loss_D_A: 0.183, loss_D_B: 0.186, loss_G: 8.598
2024-09-19 22:25:17,047 - INFO - Epoch: 272/300, loss_gan: 0.777, loss_cyc: 7.820, loss_dep: 0.002
2024-09-19 22:25:17,047 - INFO - ****************************************
2024-09-19 22:25:24,298 - INFO - ---------------train loss---------------
2024-09-19 22:25:24,298 - INFO - Epoch: 273/300, loss_D_A: 0.133, loss_D_B: 0.160, loss_G: 8.279
2024-09-19 22:25:24,298 - INFO - Epoch: 273/300, loss_gan: 0.813, loss_cyc: 7.464, loss_dep: 0.003
2024-09-19 22:25:24,298 - INFO - --------------- test loss---------------
2024-09-19 22:25:24,298 - INFO - Epoch: 273/300, loss_D_A: 0.165, loss_D_B: 0.182, loss_G: 8.714
2024-09-19 22:25:24,298 - INFO - Epoch: 273/300, loss_gan: 0.912, loss_cyc: 7.800, loss_dep: 0.002
2024-09-19 22:25:24,298 - INFO - ****************************************
2024-09-19 22:25:31,586 - INFO - ---------------train loss---------------
2024-09-19 22:25:31,587 - INFO - Epoch: 274/300, loss_D_A: 0.130, loss_D_B: 0.146, loss_G: 8.299
2024-09-19 22:25:31,587 - INFO - Epoch: 274/300, loss_gan: 0.851, loss_cyc: 7.446, loss_dep: 0.003
2024-09-19 22:25:31,587 - INFO - --------------- test loss---------------
2024-09-19 22:25:31,587 - INFO - Epoch: 274/300, loss_D_A: 0.178, loss_D_B: 0.171, loss_G: 8.626
2024-09-19 22:25:31,587 - INFO - Epoch: 274/300, loss_gan: 0.826, loss_cyc: 7.797, loss_dep: 0.002
2024-09-19 22:25:31,587 - INFO - ****************************************
2024-09-19 22:25:38,900 - INFO - ---------------train loss---------------
2024-09-19 22:25:38,901 - INFO - Epoch: 275/300, loss_D_A: 0.132, loss_D_B: 0.149, loss_G: 8.298
2024-09-19 22:25:38,901 - INFO - Epoch: 275/300, loss_gan: 0.841, loss_cyc: 7.454, loss_dep: 0.003
2024-09-19 22:25:38,901 - INFO - --------------- test loss---------------
2024-09-19 22:25:38,901 - INFO - Epoch: 275/300, loss_D_A: 0.153, loss_D_B: 0.178, loss_G: 8.716
2024-09-19 22:25:38,901 - INFO - Epoch: 275/300, loss_gan: 0.923, loss_cyc: 7.791, loss_dep: 0.002
2024-09-19 22:25:38,901 - INFO - ****************************************
2024-09-19 22:25:46,219 - INFO - ---------------train loss---------------
2024-09-19 22:25:46,220 - INFO - Epoch: 276/300, loss_D_A: 0.121, loss_D_B: 0.150, loss_G: 8.332
2024-09-19 22:25:46,220 - INFO - Epoch: 276/300, loss_gan: 0.864, loss_cyc: 7.466, loss_dep: 0.003
2024-09-19 22:25:46,220 - INFO - --------------- test loss---------------
2024-09-19 22:25:46,220 - INFO - Epoch: 276/300, loss_D_A: 0.155, loss_D_B: 0.176, loss_G: 8.723
2024-09-19 22:25:46,220 - INFO - Epoch: 276/300, loss_gan: 0.923, loss_cyc: 7.798, loss_dep: 0.002
2024-09-19 22:25:46,220 - INFO - ****************************************
2024-09-19 22:25:53,569 - INFO - ---------------train loss---------------
2024-09-19 22:25:53,569 - INFO - Epoch: 277/300, loss_D_A: 0.118, loss_D_B: 0.146, loss_G: 8.313
2024-09-19 22:25:53,569 - INFO - Epoch: 277/300, loss_gan: 0.875, loss_cyc: 7.435, loss_dep: 0.003
2024-09-19 22:25:53,569 - INFO - --------------- test loss---------------
2024-09-19 22:25:53,569 - INFO - Epoch: 277/300, loss_D_A: 0.161, loss_D_B: 0.166, loss_G: 8.701
2024-09-19 22:25:53,569 - INFO - Epoch: 277/300, loss_gan: 0.911, loss_cyc: 7.787, loss_dep: 0.002
2024-09-19 22:25:53,569 - INFO - ****************************************
2024-09-19 22:26:00,923 - INFO - ---------------train loss---------------
2024-09-19 22:26:00,923 - INFO - Epoch: 278/300, loss_D_A: 0.126, loss_D_B: 0.140, loss_G: 8.302
2024-09-19 22:26:00,923 - INFO - Epoch: 278/300, loss_gan: 0.864, loss_cyc: 7.435, loss_dep: 0.003
2024-09-19 22:26:00,923 - INFO - --------------- test loss---------------
2024-09-19 22:26:00,923 - INFO - Epoch: 278/300, loss_D_A: 0.165, loss_D_B: 0.163, loss_G: 8.713
2024-09-19 22:26:00,923 - INFO - Epoch: 278/300, loss_gan: 0.908, loss_cyc: 7.803, loss_dep: 0.002
2024-09-19 22:26:00,923 - INFO - ****************************************
2024-09-19 22:26:08,299 - INFO - ---------------train loss---------------
2024-09-19 22:26:08,299 - INFO - Epoch: 279/300, loss_D_A: 0.120, loss_D_B: 0.143, loss_G: 8.314
2024-09-19 22:26:08,299 - INFO - Epoch: 279/300, loss_gan: 0.868, loss_cyc: 7.443, loss_dep: 0.003
2024-09-19 22:26:08,299 - INFO - --------------- test loss---------------
2024-09-19 22:26:08,299 - INFO - Epoch: 279/300, loss_D_A: 0.156, loss_D_B: 0.172, loss_G: 8.730
2024-09-19 22:26:08,299 - INFO - Epoch: 279/300, loss_gan: 0.928, loss_cyc: 7.801, loss_dep: 0.002
2024-09-19 22:26:08,299 - INFO - ****************************************
2024-09-19 22:26:15,703 - INFO - ---------------train loss---------------
2024-09-19 22:26:15,703 - INFO - Epoch: 280/300, loss_D_A: 0.117, loss_D_B: 0.147, loss_G: 8.305
2024-09-19 22:26:15,703 - INFO - Epoch: 280/300, loss_gan: 0.871, loss_cyc: 7.431, loss_dep: 0.003
2024-09-19 22:26:15,703 - INFO - --------------- test loss---------------
2024-09-19 22:26:15,703 - INFO - Epoch: 280/300, loss_D_A: 0.158, loss_D_B: 0.176, loss_G: 8.680
2024-09-19 22:26:15,703 - INFO - Epoch: 280/300, loss_gan: 0.882, loss_cyc: 7.796, loss_dep: 0.002
2024-09-19 22:26:15,703 - INFO - ****************************************
2024-09-19 22:26:23,107 - INFO - ---------------train loss---------------
2024-09-19 22:26:23,107 - INFO - Epoch: 281/300, loss_D_A: 0.124, loss_D_B: 0.149, loss_G: 8.288
2024-09-19 22:26:23,107 - INFO - Epoch: 281/300, loss_gan: 0.851, loss_cyc: 7.434, loss_dep: 0.003
2024-09-19 22:26:23,107 - INFO - --------------- test loss---------------
2024-09-19 22:26:23,107 - INFO - Epoch: 281/300, loss_D_A: 0.168, loss_D_B: 0.175, loss_G: 8.677
2024-09-19 22:26:23,107 - INFO - Epoch: 281/300, loss_gan: 0.889, loss_cyc: 7.786, loss_dep: 0.002
2024-09-19 22:26:23,108 - INFO - ****************************************
2024-09-19 22:26:30,524 - INFO - ---------------train loss---------------
2024-09-19 22:26:30,524 - INFO - Epoch: 282/300, loss_D_A: 0.129, loss_D_B: 0.147, loss_G: 8.273
2024-09-19 22:26:30,524 - INFO - Epoch: 282/300, loss_gan: 0.847, loss_cyc: 7.423, loss_dep: 0.003
2024-09-19 22:26:30,524 - INFO - --------------- test loss---------------
2024-09-19 22:26:30,524 - INFO - Epoch: 282/300, loss_D_A: 0.160, loss_D_B: 0.171, loss_G: 8.658
2024-09-19 22:26:30,524 - INFO - Epoch: 282/300, loss_gan: 0.881, loss_cyc: 7.775, loss_dep: 0.002
2024-09-19 22:26:30,524 - INFO - ****************************************
2024-09-19 22:26:37,949 - INFO - ---------------train loss---------------
2024-09-19 22:26:37,949 - INFO - Epoch: 283/300, loss_D_A: 0.119, loss_D_B: 0.140, loss_G: 8.276
2024-09-19 22:26:37,950 - INFO - Epoch: 283/300, loss_gan: 0.875, loss_cyc: 7.399, loss_dep: 0.002
2024-09-19 22:26:37,950 - INFO - --------------- test loss---------------
2024-09-19 22:26:37,950 - INFO - Epoch: 283/300, loss_D_A: 0.146, loss_D_B: 0.160, loss_G: 8.717
2024-09-19 22:26:37,950 - INFO - Epoch: 283/300, loss_gan: 0.959, loss_cyc: 7.755, loss_dep: 0.002
2024-09-19 22:26:37,950 - INFO - ****************************************
2024-09-19 22:26:45,393 - INFO - ---------------train loss---------------
2024-09-19 22:26:45,393 - INFO - Epoch: 284/300, loss_D_A: 0.114, loss_D_B: 0.138, loss_G: 8.290
2024-09-19 22:26:45,393 - INFO - Epoch: 284/300, loss_gan: 0.892, loss_cyc: 7.395, loss_dep: 0.003
2024-09-19 22:26:45,393 - INFO - --------------- test loss---------------
2024-09-19 22:26:45,393 - INFO - Epoch: 284/300, loss_D_A: 0.153, loss_D_B: 0.163, loss_G: 8.654
2024-09-19 22:26:45,393 - INFO - Epoch: 284/300, loss_gan: 0.897, loss_cyc: 7.755, loss_dep: 0.002
2024-09-19 22:26:45,393 - INFO - ****************************************
2024-09-19 22:26:52,845 - INFO - ---------------train loss---------------
2024-09-19 22:26:52,845 - INFO - Epoch: 285/300, loss_D_A: 0.124, loss_D_B: 0.140, loss_G: 8.280
2024-09-19 22:26:52,845 - INFO - Epoch: 285/300, loss_gan: 0.867, loss_cyc: 7.410, loss_dep: 0.003
2024-09-19 22:26:52,845 - INFO - --------------- test loss---------------
2024-09-19 22:26:52,845 - INFO - Epoch: 285/300, loss_D_A: 0.167, loss_D_B: 0.160, loss_G: 8.664
2024-09-19 22:26:52,846 - INFO - Epoch: 285/300, loss_gan: 0.919, loss_cyc: 7.743, loss_dep: 0.002
2024-09-19 22:26:52,846 - INFO - ****************************************
2024-09-19 22:27:00,317 - INFO - ---------------train loss---------------
2024-09-19 22:27:00,317 - INFO - Epoch: 286/300, loss_D_A: 0.129, loss_D_B: 0.139, loss_G: 8.267
2024-09-19 22:27:00,317 - INFO - Epoch: 286/300, loss_gan: 0.871, loss_cyc: 7.394, loss_dep: 0.003
2024-09-19 22:27:00,317 - INFO - --------------- test loss---------------
2024-09-19 22:27:00,317 - INFO - Epoch: 286/300, loss_D_A: 0.165, loss_D_B: 0.159, loss_G: 8.630
2024-09-19 22:27:00,317 - INFO - Epoch: 286/300, loss_gan: 0.886, loss_cyc: 7.742, loss_dep: 0.002
2024-09-19 22:27:00,317 - INFO - ****************************************
2024-09-19 22:27:07,804 - INFO - ---------------train loss---------------
2024-09-19 22:27:07,805 - INFO - Epoch: 287/300, loss_D_A: 0.125, loss_D_B: 0.139, loss_G: 8.274
2024-09-19 22:27:07,805 - INFO - Epoch: 287/300, loss_gan: 0.870, loss_cyc: 7.401, loss_dep: 0.003
2024-09-19 22:27:07,805 - INFO - --------------- test loss---------------
2024-09-19 22:27:07,805 - INFO - Epoch: 287/300, loss_D_A: 0.165, loss_D_B: 0.167, loss_G: 8.649
2024-09-19 22:27:07,805 - INFO - Epoch: 287/300, loss_gan: 0.905, loss_cyc: 7.742, loss_dep: 0.002
2024-09-19 22:27:07,805 - INFO - ****************************************
2024-09-19 22:27:15,320 - INFO - ---------------train loss---------------
2024-09-19 22:27:15,320 - INFO - Epoch: 288/300, loss_D_A: 0.129, loss_D_B: 0.144, loss_G: 8.220
2024-09-19 22:27:15,320 - INFO - Epoch: 288/300, loss_gan: 0.858, loss_cyc: 7.360, loss_dep: 0.003
2024-09-19 22:27:15,320 - INFO - --------------- test loss---------------
2024-09-19 22:27:15,320 - INFO - Epoch: 288/300, loss_D_A: 0.172, loss_D_B: 0.171, loss_G: 8.624
2024-09-19 22:27:15,320 - INFO - Epoch: 288/300, loss_gan: 0.882, loss_cyc: 7.739, loss_dep: 0.002
2024-09-19 22:27:15,320 - INFO - ****************************************
2024-09-19 22:27:22,855 - INFO - ---------------train loss---------------
2024-09-19 22:27:22,855 - INFO - Epoch: 289/300, loss_D_A: 0.132, loss_D_B: 0.146, loss_G: 8.228
2024-09-19 22:27:22,855 - INFO - Epoch: 289/300, loss_gan: 0.850, loss_cyc: 7.375, loss_dep: 0.003
2024-09-19 22:27:22,855 - INFO - --------------- test loss---------------
2024-09-19 22:27:22,855 - INFO - Epoch: 289/300, loss_D_A: 0.174, loss_D_B: 0.172, loss_G: 8.612
2024-09-19 22:27:22,855 - INFO - Epoch: 289/300, loss_gan: 0.878, loss_cyc: 7.732, loss_dep: 0.002
2024-09-19 22:27:22,855 - INFO - ****************************************
2024-09-19 22:27:30,452 - INFO - ---------------train loss---------------
2024-09-19 22:27:30,452 - INFO - Epoch: 290/300, loss_D_A: 0.132, loss_D_B: 0.145, loss_G: 8.212
2024-09-19 22:27:30,452 - INFO - Epoch: 290/300, loss_gan: 0.848, loss_cyc: 7.361, loss_dep: 0.003
2024-09-19 22:27:30,452 - INFO - --------------- test loss---------------
2024-09-19 22:27:30,452 - INFO - Epoch: 290/300, loss_D_A: 0.174, loss_D_B: 0.169, loss_G: 8.622
2024-09-19 22:27:30,452 - INFO - Epoch: 290/300, loss_gan: 0.880, loss_cyc: 7.739, loss_dep: 0.002
2024-09-19 22:27:30,452 - INFO - ****************************************
2024-09-19 22:27:38,030 - INFO - ---------------train loss---------------
2024-09-19 22:27:38,030 - INFO - Epoch: 291/300, loss_D_A: 0.130, loss_D_B: 0.142, loss_G: 8.191
2024-09-19 22:27:38,030 - INFO - Epoch: 291/300, loss_gan: 0.851, loss_cyc: 7.337, loss_dep: 0.002
2024-09-19 22:27:38,030 - INFO - --------------- test loss---------------
2024-09-19 22:27:38,030 - INFO - Epoch: 291/300, loss_D_A: 0.170, loss_D_B: 0.165, loss_G: 8.654
2024-09-19 22:27:38,030 - INFO - Epoch: 291/300, loss_gan: 0.919, loss_cyc: 7.733, loss_dep: 0.002
2024-09-19 22:27:38,030 - INFO - ****************************************
2024-09-19 22:27:45,603 - INFO - ---------------train loss---------------
2024-09-19 22:27:45,604 - INFO - Epoch: 292/300, loss_D_A: 0.127, loss_D_B: 0.138, loss_G: 8.209
2024-09-19 22:27:45,604 - INFO - Epoch: 292/300, loss_gan: 0.869, loss_cyc: 7.337, loss_dep: 0.003
2024-09-19 22:27:45,604 - INFO - --------------- test loss---------------
2024-09-19 22:27:45,604 - INFO - Epoch: 292/300, loss_D_A: 0.169, loss_D_B: 0.156, loss_G: 8.657
2024-09-19 22:27:45,604 - INFO - Epoch: 292/300, loss_gan: 0.925, loss_cyc: 7.730, loss_dep: 0.002
2024-09-19 22:27:45,604 - INFO - ****************************************
2024-09-19 22:27:53,192 - INFO - ---------------train loss---------------
2024-09-19 22:27:53,192 - INFO - Epoch: 293/300, loss_D_A: 0.128, loss_D_B: 0.133, loss_G: 8.208
2024-09-19 22:27:53,192 - INFO - Epoch: 293/300, loss_gan: 0.877, loss_cyc: 7.329, loss_dep: 0.003
2024-09-19 22:27:53,192 - INFO - --------------- test loss---------------
2024-09-19 22:27:53,192 - INFO - Epoch: 293/300, loss_D_A: 0.171, loss_D_B: 0.151, loss_G: 8.654
2024-09-19 22:27:53,192 - INFO - Epoch: 293/300, loss_gan: 0.921, loss_cyc: 7.730, loss_dep: 0.002
2024-09-19 22:27:53,192 - INFO - ****************************************
2024-09-19 22:28:00,814 - INFO - ---------------train loss---------------
2024-09-19 22:28:00,814 - INFO - Epoch: 294/300, loss_D_A: 0.129, loss_D_B: 0.129, loss_G: 8.241
2024-09-19 22:28:00,814 - INFO - Epoch: 294/300, loss_gan: 0.881, loss_cyc: 7.358, loss_dep: 0.003
2024-09-19 22:28:00,814 - INFO - --------------- test loss---------------
2024-09-19 22:28:00,814 - INFO - Epoch: 294/300, loss_D_A: 0.175, loss_D_B: 0.150, loss_G: 8.670
2024-09-19 22:28:00,814 - INFO - Epoch: 294/300, loss_gan: 0.939, loss_cyc: 7.729, loss_dep: 0.002
2024-09-19 22:28:00,814 - INFO - ****************************************
2024-09-19 22:28:08,473 - INFO - ---------------train loss---------------
2024-09-19 22:28:08,473 - INFO - Epoch: 295/300, loss_D_A: 0.132, loss_D_B: 0.130, loss_G: 8.219
2024-09-19 22:28:08,473 - INFO - Epoch: 295/300, loss_gan: 0.883, loss_cyc: 7.333, loss_dep: 0.003
2024-09-19 22:28:08,473 - INFO - --------------- test loss---------------
2024-09-19 22:28:08,473 - INFO - Epoch: 295/300, loss_D_A: 0.176, loss_D_B: 0.150, loss_G: 8.635
2024-09-19 22:28:08,473 - INFO - Epoch: 295/300, loss_gan: 0.912, loss_cyc: 7.720, loss_dep: 0.002
2024-09-19 22:28:08,473 - INFO - ****************************************
2024-09-19 22:28:16,109 - INFO - ---------------train loss---------------
2024-09-19 22:28:16,109 - INFO - Epoch: 296/300, loss_D_A: 0.133, loss_D_B: 0.130, loss_G: 8.199
2024-09-19 22:28:16,109 - INFO - Epoch: 296/300, loss_gan: 0.872, loss_cyc: 7.324, loss_dep: 0.003
2024-09-19 22:28:16,109 - INFO - --------------- test loss---------------
2024-09-19 22:28:16,109 - INFO - Epoch: 296/300, loss_D_A: 0.177, loss_D_B: 0.151, loss_G: 8.635
2024-09-19 22:28:16,109 - INFO - Epoch: 296/300, loss_gan: 0.913, loss_cyc: 7.720, loss_dep: 0.002
2024-09-19 22:28:16,109 - INFO - ****************************************
2024-09-19 22:28:23,771 - INFO - ---------------train loss---------------
2024-09-19 22:28:23,771 - INFO - Epoch: 297/300, loss_D_A: 0.132, loss_D_B: 0.131, loss_G: 8.231
2024-09-19 22:28:23,771 - INFO - Epoch: 297/300, loss_gan: 0.872, loss_cyc: 7.356, loss_dep: 0.003
2024-09-19 22:28:23,771 - INFO - --------------- test loss---------------
2024-09-19 22:28:23,771 - INFO - Epoch: 297/300, loss_D_A: 0.177, loss_D_B: 0.153, loss_G: 8.655
2024-09-19 22:28:23,771 - INFO - Epoch: 297/300, loss_gan: 0.934, loss_cyc: 7.719, loss_dep: 0.002
2024-09-19 22:28:23,771 - INFO - ****************************************
2024-09-19 22:28:31,448 - INFO - ---------------train loss---------------
2024-09-19 22:28:31,448 - INFO - Epoch: 298/300, loss_D_A: 0.133, loss_D_B: 0.132, loss_G: 8.178
2024-09-19 22:28:31,448 - INFO - Epoch: 298/300, loss_gan: 0.871, loss_cyc: 7.304, loss_dep: 0.002
2024-09-19 22:28:31,448 - INFO - --------------- test loss---------------
2024-09-19 22:28:31,448 - INFO - Epoch: 298/300, loss_D_A: 0.176, loss_D_B: 0.154, loss_G: 8.654
2024-09-19 22:28:31,448 - INFO - Epoch: 298/300, loss_gan: 0.939, loss_cyc: 7.714, loss_dep: 0.002
2024-09-19 22:28:31,448 - INFO - ****************************************
2024-09-19 22:28:39,142 - INFO - ---------------train loss---------------
2024-09-19 22:28:39,142 - INFO - Epoch: 299/300, loss_D_A: 0.132, loss_D_B: 0.132, loss_G: 8.200
2024-09-19 22:28:39,142 - INFO - Epoch: 299/300, loss_gan: 0.880, loss_cyc: 7.317, loss_dep: 0.003
2024-09-19 22:28:39,142 - INFO - --------------- test loss---------------
2024-09-19 22:28:39,142 - INFO - Epoch: 299/300, loss_D_A: 0.175, loss_D_B: 0.154, loss_G: 8.647
2024-09-19 22:28:39,142 - INFO - Epoch: 299/300, loss_gan: 0.931, loss_cyc: 7.714, loss_dep: 0.002
2024-09-19 22:28:39,142 - INFO - ****************************************
2024-09-19 22:28:46,868 - INFO - ---------------train loss---------------
2024-09-19 22:28:46,869 - INFO - Epoch: 300/300, loss_D_A: 0.131, loss_D_B: 0.132, loss_G: 8.208
2024-09-19 22:28:46,869 - INFO - Epoch: 300/300, loss_gan: 0.876, loss_cyc: 7.329, loss_dep: 0.003
2024-09-19 22:28:46,869 - INFO - --------------- test loss---------------
2024-09-19 22:28:46,869 - INFO - Epoch: 300/300, loss_D_A: 0.174, loss_D_B: 0.154, loss_G: 8.648
2024-09-19 22:28:46,869 - INFO - Epoch: 300/300, loss_gan: 0.932, loss_cyc: 7.713, loss_dep: 0.002
2024-09-19 22:28:46,869 - INFO - ****************************************
2024-09-20 00:06:23,374 - ERROR - No such comm target registered: jupyter.widget.control
2024-09-20 00:06:23,376 - WARNING - No such comm: 26ba8268-b6d9-4445-8598-017eea1b412d
2024-09-20 00:08:20,355 - ERROR - No such comm target registered: jupyter.widget.control
2024-09-20 00:08:20,357 - WARNING - No such comm: 29bcf9ae-48ac-4ffd-acfd-fe89e53a90d3
2024-09-20 00:11:25,834 - ERROR - No such comm target registered: jupyter.widget.control
2024-09-20 00:11:25,835 - WARNING - No such comm: a30bd6fe-7295-4b98-b379-6e9f66ea5e39
2024-09-20 00:13:00,923 - ERROR - No such comm target registered: jupyter.widget.control
2024-09-20 00:13:00,925 - WARNING - No such comm: 091b6493-6bd3-46cf-afb7-da74bb65d803
2024-09-20 00:16:25,959 - ERROR - No such comm target registered: jupyter.widget.control
2024-09-20 00:16:25,960 - WARNING - No such comm: 03c9c0ca-de7d-48f8-b642-f70cbd4a1025
2024-09-20 00:18:26,766 - ERROR - No such comm target registered: jupyter.widget.control
2024-09-20 00:18:26,767 - WARNING - No such comm: 638db9c8-9d66-4c64-8acc-8a2a8f4c9103
2024-09-20 00:22:01,684 - ERROR - No such comm target registered: jupyter.widget.control
2024-09-20 00:22:01,685 - WARNING - No such comm: a74baeb0-4f08-4134-855c-24b4e37b0cfd
2024-09-20 00:26:04,458 - ERROR - No such comm target registered: jupyter.widget.control
2024-09-20 00:26:04,459 - WARNING - No such comm: aeb97493-d618-45ea-8b00-67834e1ae303
2024-09-20 00:29:07,736 - ERROR - No such comm target registered: jupyter.widget.control
2024-09-20 00:29:07,737 - WARNING - No such comm: 285e35d4-9a98-47d2-a948-6cc85e0c8673
2024-09-20 00:31:33,577 - ERROR - No such comm target registered: jupyter.widget.control
2024-09-20 00:31:33,578 - WARNING - No such comm: 6c507270-8c82-4c36-b065-eb622ad1f43d
2024-09-20 00:33:32,539 - ERROR - No such comm target registered: jupyter.widget.control
2024-09-20 00:33:32,541 - WARNING - No such comm: e875d263-9d16-4bde-8b0f-01426459901b
2024-09-20 00:36:14,445 - ERROR - No such comm target registered: jupyter.widget.control
2024-09-20 00:36:14,446 - WARNING - No such comm: 2702040b-2df9-435d-890d-bae16f1d6f4e
2024-09-20 00:38:56,696 - ERROR - No such comm target registered: jupyter.widget.control
2024-09-20 00:38:56,698 - WARNING - No such comm: 9c950581-95e0-4e4e-b844-b7bc614c43dc
2024-09-20 00:41:29,003 - ERROR - No such comm target registered: jupyter.widget.control
2024-09-20 00:41:29,005 - WARNING - No such comm: ea1479d3-cde2-4375-9f6f-517f45442596
2024-09-20 00:44:06,064 - ERROR - No such comm target registered: jupyter.widget.control
2024-09-20 00:44:06,065 - WARNING - No such comm: cbb0eae3-3de5-4f9d-a50c-b9eb324ada23
2024-09-20 00:49:02,214 - ERROR - No such comm target registered: jupyter.widget.control
2024-09-20 00:49:02,216 - WARNING - No such comm: c9e42608-abe2-4064-bf52-ad28c6d4f1a0
2024-09-20 00:50:40,077 - ERROR - No such comm target registered: jupyter.widget.control
2024-09-20 00:50:40,078 - WARNING - No such comm: 58330b87-ed23-4984-a48a-78eb060faf1d
2024-09-20 00:52:53,603 - ERROR - No such comm target registered: jupyter.widget.control
2024-09-20 00:52:53,605 - WARNING - No such comm: 4fbd9f18-e26a-4246-a861-cabaed587163
2024-09-20 00:54:55,672 - ERROR - No such comm target registered: jupyter.widget.control
2024-09-20 00:54:55,673 - WARNING - No such comm: 52a01d00-edff-4dc3-a883-929648ca280f
2024-09-20 00:56:59,703 - ERROR - No such comm target registered: jupyter.widget.control
2024-09-20 00:56:59,704 - WARNING - No such comm: d9d9a69a-bcdc-4427-b3c5-9598bfa5d837
2024-09-20 00:59:24,791 - ERROR - No such comm target registered: jupyter.widget.control
2024-09-20 00:59:24,792 - WARNING - No such comm: 8bceee40-35ff-49a6-b280-89a32317f4e0
2024-09-20 01:02:51,306 - ERROR - No such comm target registered: jupyter.widget.control
2024-09-20 01:02:51,308 - WARNING - No such comm: f865f47f-5d9a-483b-bafe-40620dd940a8
2024-09-20 01:09:21,323 - ERROR - No such comm target registered: jupyter.widget.control
2024-09-20 01:09:21,325 - WARNING - No such comm: 162fca0a-7626-4121-94c2-83f48c20a996
2024-09-20 01:11:03,780 - ERROR - No such comm target registered: jupyter.widget.control
2024-09-20 01:11:03,781 - WARNING - No such comm: f5abe93c-1fad-43d8-8219-39ca20eb349a
2024-09-20 01:13:43,159 - ERROR - No such comm target registered: jupyter.widget.control
2024-09-20 01:13:43,160 - WARNING - No such comm: a989978c-0ee1-49b1-9ab2-017fcc574aab
2024-09-20 01:16:06,541 - ERROR - No such comm target registered: jupyter.widget.control
2024-09-20 01:16:06,542 - WARNING - No such comm: 226e768f-d98d-4238-8f1b-756ccb6cf2f1
2024-09-20 01:18:15,202 - ERROR - No such comm target registered: jupyter.widget.control
2024-09-20 01:18:15,203 - WARNING - No such comm: cf7c61d6-3551-4475-b295-835ca2b383a0
2024-09-20 01:21:11,996 - ERROR - No such comm target registered: jupyter.widget.control
2024-09-20 01:21:11,997 - WARNING - No such comm: 2efd340a-4967-4ee1-8ac7-272e1d8c20ad
2024-09-20 01:24:02,995 - ERROR - No such comm target registered: jupyter.widget.control
2024-09-20 01:24:02,997 - WARNING - No such comm: 018f7d2d-6f80-4627-afe2-34adbec1f779
2024-09-20 01:26:39,176 - ERROR - No such comm target registered: jupyter.widget.control
2024-09-20 01:26:39,177 - WARNING - No such comm: 42aec9ba-290c-4e57-9888-a490fb3cb215
2024-09-20 01:29:10,226 - ERROR - No such comm target registered: jupyter.widget.control
2024-09-20 01:29:10,227 - WARNING - No such comm: 05498cec-5f57-44d7-8080-4e94df926d70
2024-09-20 01:31:45,958 - ERROR - No such comm target registered: jupyter.widget.control
2024-09-20 01:31:45,960 - WARNING - No such comm: 24c3f7de-c809-46e3-b931-11d65d3f2483
2024-09-20 01:34:42,956 - ERROR - No such comm target registered: jupyter.widget.control
2024-09-20 01:34:42,958 - WARNING - No such comm: be7c04ff-ca04-413c-968c-013b777bc788
2024-09-20 01:36:13,397 - ERROR - No such comm target registered: jupyter.widget.control
2024-09-20 01:36:13,398 - WARNING - No such comm: bb4d00e9-8248-4ef8-8c66-b0656f9f3cc4
2024-09-20 01:39:16,215 - ERROR - No such comm target registered: jupyter.widget.control
2024-09-20 01:39:16,217 - WARNING - No such comm: bcbe2a9e-e671-443f-9ad3-5463a5e56ba5
2024-09-20 01:41:41,493 - ERROR - No such comm target registered: jupyter.widget.control
2024-09-20 01:41:41,494 - WARNING - No such comm: e540f7a8-4c4a-404f-9c32-8f6cd459d872
2024-09-20 01:44:47,374 - ERROR - No such comm target registered: jupyter.widget.control
2024-09-20 01:44:47,375 - WARNING - No such comm: fbec6be6-6bde-4310-a725-c0ff75ac8024
2024-09-20 01:47:07,285 - ERROR - No such comm target registered: jupyter.widget.control
2024-09-20 01:47:07,286 - WARNING - No such comm: 1959f558-05b1-4441-9fe7-23a9b26056e9
2024-09-20 01:49:49,077 - ERROR - No such comm target registered: jupyter.widget.control
2024-09-20 01:49:49,078 - WARNING - No such comm: 650c4a4a-43a6-4cb7-bc71-680dec9b7ab1
2024-09-20 01:52:22,701 - ERROR - No such comm target registered: jupyter.widget.control
2024-09-20 01:52:22,703 - WARNING - No such comm: 6fa7155d-6ced-4efb-b26e-c3b7e27ef516
2024-09-20 01:55:18,863 - ERROR - No such comm target registered: jupyter.widget.control
2024-09-20 01:55:18,864 - WARNING - No such comm: f1e0e7f6-bf91-436b-8643-1d7ab9e31780
2024-09-20 01:58:45,693 - ERROR - No such comm target registered: jupyter.widget.control
2024-09-20 01:58:45,695 - WARNING - No such comm: d236da77-90a6-4e5a-8fcf-1131b6694af0
2024-09-20 02:01:54,379 - ERROR - No such comm target registered: jupyter.widget.control
2024-09-20 02:01:54,380 - WARNING - No such comm: 29e6911a-4d49-46eb-887e-9e846ef11235
2024-09-20 02:06:44,540 - ERROR - No such comm target registered: jupyter.widget.control
2024-09-20 02:06:44,542 - WARNING - No such comm: 535fd8a6-5cc5-4b6a-82ac-8f8bea84f455
2024-09-20 02:09:19,429 - ERROR - No such comm target registered: jupyter.widget.control
2024-09-20 02:09:19,430 - WARNING - No such comm: f1ea5fdd-00fb-44ee-b951-93ce6df6638d
2024-09-20 02:17:35,134 - ERROR - No such comm target registered: jupyter.widget.control
2024-09-20 02:17:35,136 - WARNING - No such comm: 04976dd0-e95f-4d55-8032-e695e5e32027
2024-09-20 02:20:36,420 - ERROR - No such comm target registered: jupyter.widget.control
2024-09-20 02:20:36,422 - WARNING - No such comm: f86abf44-6206-4dc2-ad05-0a4e90a7c5be
2024-09-20 02:24:30,648 - ERROR - No such comm target registered: jupyter.widget.control
2024-09-20 02:24:30,649 - WARNING - No such comm: c03d5b73-f9ad-4bf7-957b-5c12c343b3fb
2024-09-20 02:40:57,134 - ERROR - No such comm target registered: jupyter.widget.control
2024-09-20 02:40:57,135 - WARNING - No such comm: 84a8c4d9-d453-49b7-9685-140a44e49471
2024-09-20 02:42:31,795 - ERROR - No such comm target registered: jupyter.widget.control
2024-09-20 02:42:31,796 - WARNING - No such comm: a8209dbe-63a4-4f97-b653-6b6e8773e68c
2024-09-20 02:45:29,449 - ERROR - No such comm target registered: jupyter.widget.control
2024-09-20 02:45:29,450 - WARNING - No such comm: 9c0f41b2-0af1-4a7b-bf94-4389c8d53ff7
2024-09-20 02:47:45,332 - ERROR - No such comm target registered: jupyter.widget.control
2024-09-20 02:47:45,333 - WARNING - No such comm: 49d21aaf-6453-4f70-851b-7cb0ca04a5cc
2024-09-20 02:50:10,185 - ERROR - No such comm target registered: jupyter.widget.control
2024-09-20 02:50:10,187 - WARNING - No such comm: abe84931-bbda-4b70-8888-f93f076a4331
2024-09-20 02:52:48,130 - ERROR - No such comm target registered: jupyter.widget.control
2024-09-20 02:52:48,131 - WARNING - No such comm: 1e7423ac-6e9a-445f-853d-76a6d97ff7f5
2024-09-20 02:55:21,018 - ERROR - No such comm target registered: jupyter.widget.control
2024-09-20 02:55:21,019 - WARNING - No such comm: d11d0fe2-cf60-45af-8dd2-f9534d2be42f
2024-09-20 02:58:21,901 - ERROR - No such comm target registered: jupyter.widget.control
2024-09-20 02:58:21,902 - WARNING - No such comm: 86233942-6541-4a00-881a-ab1eccacd979
2024-09-20 03:00:39,160 - ERROR - No such comm target registered: jupyter.widget.control
2024-09-20 03:00:39,161 - WARNING - No such comm: 120f6610-8249-4e7a-8a26-7af9ff544a0e
2024-09-20 03:03:19,218 - ERROR - No such comm target registered: jupyter.widget.control
2024-09-20 03:03:19,219 - WARNING - No such comm: e6850944-82b1-41f6-bc87-ec722d355966
2024-09-20 03:05:42,249 - ERROR - No such comm target registered: jupyter.widget.control
2024-09-20 03:05:42,251 - WARNING - No such comm: 563f42af-d4df-40de-9245-557a67b6296d
2024-09-20 03:07:15,746 - ERROR - No such comm target registered: jupyter.widget.control
2024-09-20 03:07:15,747 - WARNING - No such comm: 6f456449-78c9-42fa-9e0d-242359a174d2
2024-09-20 03:09:41,423 - ERROR - No such comm target registered: jupyter.widget.control
2024-09-20 03:09:41,424 - WARNING - No such comm: e8841c64-b0f7-4180-b90d-9088bf026c49
2024-09-20 03:12:22,317 - ERROR - No such comm target registered: jupyter.widget.control
2024-09-20 03:12:22,318 - WARNING - No such comm: 6eea9f20-ad2e-41a4-84f9-c7ca0ca35365
2024-09-20 03:14:22,068 - ERROR - No such comm target registered: jupyter.widget.control
2024-09-20 03:14:22,069 - WARNING - No such comm: 602ef136-09e7-44c4-8f45-275fc5b22388
2024-09-20 03:17:02,677 - ERROR - No such comm target registered: jupyter.widget.control
2024-09-20 03:17:02,679 - WARNING - No such comm: ff494a01-776f-4a28-93d7-956b692ff89e
2024-09-20 03:19:20,110 - ERROR - No such comm target registered: jupyter.widget.control
2024-09-20 03:19:20,111 - WARNING - No such comm: 171a624e-ca42-44b7-bf0e-6596ffe9454a
2024-09-20 03:21:52,725 - ERROR - No such comm target registered: jupyter.widget.control
2024-09-20 03:21:52,726 - WARNING - No such comm: d785d50e-6963-4dd0-afab-3baf1288e47e
2024-09-20 03:24:19,715 - ERROR - No such comm target registered: jupyter.widget.control
2024-09-20 03:24:19,716 - WARNING - No such comm: 56463628-9838-40e6-a66b-6ac4bf026e5d
2024-09-20 03:26:43,174 - ERROR - No such comm target registered: jupyter.widget.control
2024-09-20 03:26:43,175 - WARNING - No such comm: 2b9eaccb-78b1-4457-8568-d1bc481123bc
2024-09-20 03:29:09,473 - ERROR - No such comm target registered: jupyter.widget.control
2024-09-20 03:29:09,475 - WARNING - No such comm: d41650a4-fd54-4abe-ae97-c2fc95520a89
2024-09-20 03:32:30,434 - ERROR - No such comm target registered: jupyter.widget.control
2024-09-20 03:32:30,435 - WARNING - No such comm: 9bd13bd2-891d-429a-8d7e-9c5e5db9c4a9
2024-09-20 03:35:02,965 - ERROR - No such comm target registered: jupyter.widget.control
2024-09-20 03:35:02,966 - WARNING - No such comm: 14d71446-c727-45a0-a952-5792ecd268ab
2024-09-20 03:37:36,010 - ERROR - No such comm target registered: jupyter.widget.control
2024-09-20 03:37:36,012 - WARNING - No such comm: cbeb6414-ceb7-4e17-803b-25f8b211db6e
2024-09-20 03:40:36,215 - ERROR - No such comm target registered: jupyter.widget.control
2024-09-20 03:40:36,216 - WARNING - No such comm: 19f608fb-b2e1-4c67-a0eb-571fefd9b5ed
2024-09-20 03:43:44,695 - ERROR - No such comm target registered: jupyter.widget.control
2024-09-20 03:43:44,697 - WARNING - No such comm: 79f9b9ad-e591-45af-8a0e-64375472f490
2024-09-20 03:44:47,611 - ERROR - No such comm target registered: jupyter.widget.control
2024-09-20 03:44:47,612 - WARNING - No such comm: da0b4464-3a99-4602-94e3-7941e353f426
2024-09-20 03:48:00,329 - ERROR - No such comm target registered: jupyter.widget.control
2024-09-20 03:48:00,330 - WARNING - No such comm: cf2f169e-eeb2-4923-a659-46fa122d63c1
2024-09-20 03:49:49,630 - ERROR - No such comm target registered: jupyter.widget.control
2024-09-20 03:49:49,632 - WARNING - No such comm: 7dccfde2-dc29-4443-bc57-9ae1c6e6fc28
2024-09-20 03:51:52,756 - ERROR - No such comm target registered: jupyter.widget.control
2024-09-20 03:51:52,757 - WARNING - No such comm: 9e031333-c461-4534-9947-1cca58967111
2024-09-20 03:55:04,319 - ERROR - No such comm target registered: jupyter.widget.control
2024-09-20 03:55:04,321 - WARNING - No such comm: 75f2e622-1d86-4631-871f-d7b9ec82936d
2024-09-20 03:56:42,487 - ERROR - No such comm target registered: jupyter.widget.control
2024-09-20 03:56:42,488 - WARNING - No such comm: 563fe988-a6f1-4800-b927-eb5e5e6fa83f
2024-09-20 03:59:34,948 - ERROR - No such comm target registered: jupyter.widget.control
2024-09-20 03:59:34,949 - WARNING - No such comm: 8566e4a7-0c94-4412-9716-d2e7bacf6fcf
2024-09-20 04:01:32,427 - ERROR - No such comm target registered: jupyter.widget.control
2024-09-20 04:01:32,428 - WARNING - No such comm: c7ca1bd0-0c74-4ba7-b9bb-9bedc5e0dfa8
2024-09-20 04:03:46,904 - ERROR - No such comm target registered: jupyter.widget.control
2024-09-20 04:03:46,906 - WARNING - No such comm: 1b5284dd-8334-4806-9c31-69b288312415
2024-09-20 04:06:16,856 - ERROR - No such comm target registered: jupyter.widget.control
2024-09-20 04:06:16,857 - WARNING - No such comm: 8b839af8-61f2-406b-b2e7-b4d96d7ce70b
2024-09-20 04:08:43,310 - ERROR - No such comm target registered: jupyter.widget.control
2024-09-20 04:08:43,311 - WARNING - No such comm: 91f5f4a4-66c7-4c92-a7ca-6567e462f274
2024-09-20 04:11:57,678 - ERROR - No such comm target registered: jupyter.widget.control
2024-09-20 04:11:57,680 - WARNING - No such comm: c6900c15-c041-45af-b457-33c285614409
2024-09-20 04:14:00,633 - ERROR - No such comm target registered: jupyter.widget.control
2024-09-20 04:14:00,634 - WARNING - No such comm: 8594012c-51fb-4ef1-9f2a-93ba3eb3d1ee
2024-09-20 04:17:26,661 - ERROR - No such comm target registered: jupyter.widget.control
2024-09-20 04:17:26,662 - WARNING - No such comm: 1d04b116-1086-4c90-a39b-46f9c5b3af15
2024-09-20 04:19:35,839 - ERROR - No such comm target registered: jupyter.widget.control
2024-09-20 04:19:35,840 - WARNING - No such comm: 2695feb2-2351-4794-aa91-7c8e9f49288b
2024-09-20 04:22:16,844 - ERROR - No such comm target registered: jupyter.widget.control
2024-09-20 04:22:16,845 - WARNING - No such comm: a6054a69-c232-4752-a6b0-a5d240fb1d39
2024-09-20 04:25:12,803 - ERROR - No such comm target registered: jupyter.widget.control
2024-09-20 04:25:12,805 - WARNING - No such comm: d9e21435-6ac6-44f8-90fb-857220c3080a
2024-09-20 04:27:01,118 - ERROR - No such comm target registered: jupyter.widget.control
2024-09-20 04:27:01,119 - WARNING - No such comm: 79e5238c-529e-4a2b-b189-f9c06fa16b12
2024-09-20 04:29:28,748 - ERROR - No such comm target registered: jupyter.widget.control
2024-09-20 04:29:28,750 - WARNING - No such comm: c1ad7c16-62f5-49ac-8d83-de08e74395de
2024-09-20 04:31:21,670 - ERROR - No such comm target registered: jupyter.widget.control
2024-09-20 04:31:21,671 - WARNING - No such comm: 0ef5f292-7753-4107-965b-c6c521f7d873
2024-09-20 04:36:15,790 - ERROR - No such comm target registered: jupyter.widget.control
2024-09-20 04:36:15,791 - WARNING - No such comm: 6cfc76c8-1d17-47f6-8bb2-dfd5b19dc5fa
2024-09-20 04:43:28,470 - ERROR - No such comm target registered: jupyter.widget.control
2024-09-20 04:43:28,472 - WARNING - No such comm: 72a0ad0b-5bb6-47ba-a0ce-fe75b26537e0
2024-09-20 04:45:43,658 - ERROR - No such comm target registered: jupyter.widget.control
2024-09-20 04:45:43,660 - WARNING - No such comm: fac369c4-e2d6-417c-85e4-fe72c86c091f
2024-09-20 04:48:20,432 - ERROR - No such comm target registered: jupyter.widget.control
2024-09-20 04:48:20,433 - WARNING - No such comm: aeb5f8df-9c46-47d4-a4be-8c904e1333a2
2024-09-20 04:50:56,441 - ERROR - No such comm target registered: jupyter.widget.control
2024-09-20 04:50:56,442 - WARNING - No such comm: f409c624-2718-4c9e-a331-840fb04935ec
2024-09-20 04:53:48,470 - ERROR - No such comm target registered: jupyter.widget.control
2024-09-20 04:53:48,471 - WARNING - No such comm: 30cdb205-439c-47e7-be1c-62b1947368b5
2024-09-20 04:56:21,934 - ERROR - No such comm target registered: jupyter.widget.control
2024-09-20 04:56:21,936 - WARNING - No such comm: e38d81aa-f4e8-46aa-b4aa-1dbc9ee10e06
2024-09-20 04:59:12,133 - ERROR - No such comm target registered: jupyter.widget.control
2024-09-20 04:59:12,134 - WARNING - No such comm: cb9e0ce6-06d4-4632-ab74-e3970b58a395
2024-09-20 05:01:46,918 - ERROR - No such comm target registered: jupyter.widget.control
2024-09-20 05:01:46,919 - WARNING - No such comm: 8339872b-8b76-4758-af27-eddc0f4d7d5c
2024-09-20 05:05:00,612 - ERROR - No such comm target registered: jupyter.widget.control
2024-09-20 05:05:00,614 - WARNING - No such comm: 56daf0c9-5a15-4090-a53a-cf49c4902a70
2024-09-20 05:07:05,080 - ERROR - No such comm target registered: jupyter.widget.control
2024-09-20 05:07:05,081 - WARNING - No such comm: 36968603-6267-4c16-b9dc-171ec056c810
2024-09-20 05:09:30,966 - ERROR - No such comm target registered: jupyter.widget.control
2024-09-20 05:09:30,967 - WARNING - No such comm: 40e154eb-5805-4658-adb7-d17fbb28eac5
2024-09-20 05:12:04,181 - ERROR - No such comm target registered: jupyter.widget.control
2024-09-20 05:12:04,183 - WARNING - No such comm: d303ad06-9bec-4ffa-ab5b-aab993437bb2
2024-09-20 05:14:25,834 - ERROR - No such comm target registered: jupyter.widget.control
2024-09-20 05:14:25,835 - WARNING - No such comm: ac1ac614-3ac6-4de4-915e-455eea95dc48
2024-09-20 05:16:52,353 - ERROR - No such comm target registered: jupyter.widget.control
2024-09-20 05:16:52,354 - WARNING - No such comm: c016a870-f61a-4726-a10e-5a082d2d74a2
2024-09-20 05:20:09,998 - ERROR - No such comm target registered: jupyter.widget.control
2024-09-20 05:20:09,999 - WARNING - No such comm: 82a872a2-3abe-478e-9c96-f7916ce4d026
2024-09-20 05:22:15,787 - ERROR - No such comm target registered: jupyter.widget.control
2024-09-20 05:22:15,788 - WARNING - No such comm: 28a40ee7-e3d0-4cad-860e-c43c2088d548
2024-09-20 05:24:20,259 - ERROR - No such comm target registered: jupyter.widget.control
2024-09-20 05:24:20,260 - WARNING - No such comm: 471b96e6-a00e-4fb0-b076-56f788d2a178
2024-09-20 05:26:39,573 - ERROR - No such comm target registered: jupyter.widget.control
2024-09-20 05:26:39,574 - WARNING - No such comm: e3e53966-e127-498b-81fd-3000183ecf3f
2024-09-20 05:29:39,138 - ERROR - No such comm target registered: jupyter.widget.control
2024-09-20 05:29:39,139 - WARNING - No such comm: 55328683-c3a0-4c5a-86c8-944e7ddaa9ef
2024-09-20 05:32:35,058 - ERROR - No such comm target registered: jupyter.widget.control
2024-09-20 05:32:35,059 - WARNING - No such comm: 733d1118-c6fa-4e74-947d-41d50fa2c191
2024-09-20 05:35:07,168 - ERROR - No such comm target registered: jupyter.widget.control
2024-09-20 05:35:07,169 - WARNING - No such comm: f8a42b26-b2ad-4fb0-afa0-310f74cee807
2024-09-20 05:37:39,345 - ERROR - No such comm target registered: jupyter.widget.control
2024-09-20 05:37:39,346 - WARNING - No such comm: 89ade3be-79ef-4887-946e-54135ca20e14
2024-09-20 05:40:20,507 - ERROR - No such comm target registered: jupyter.widget.control
2024-09-20 05:40:20,508 - WARNING - No such comm: b3f74f71-26eb-4ed3-b75a-c16fb35972dd
2024-09-20 05:43:15,839 - ERROR - No such comm target registered: jupyter.widget.control
2024-09-20 05:43:15,840 - WARNING - No such comm: 4bba965f-fa2d-4c52-a419-90c192829781
2024-09-20 05:46:07,603 - ERROR - No such comm target registered: jupyter.widget.control
2024-09-20 05:46:07,605 - WARNING - No such comm: 6ee609c2-90a6-4c54-b49c-64847c1ca9ea
2024-09-20 05:48:11,380 - ERROR - No such comm target registered: jupyter.widget.control
2024-09-20 05:48:11,382 - WARNING - No such comm: d4fccda3-ed54-482b-9554-18904515efb1
2024-09-20 05:50:56,713 - ERROR - No such comm target registered: jupyter.widget.control
2024-09-20 05:50:56,715 - WARNING - No such comm: 8ad2c710-ad2b-4ba8-bde5-8431f5a6f401
2024-09-20 05:54:06,393 - ERROR - No such comm target registered: jupyter.widget.control
2024-09-20 05:54:06,394 - WARNING - No such comm: 974bc3f8-6479-4abc-8f6c-199a8763ba2c
2024-09-20 05:56:20,312 - ERROR - No such comm target registered: jupyter.widget.control
2024-09-20 05:56:20,313 - WARNING - No such comm: 7c75d2c1-6e5a-41c3-b03d-33d67be583b5
2024-09-20 05:58:13,722 - ERROR - No such comm target registered: jupyter.widget.control
2024-09-20 05:58:13,723 - WARNING - No such comm: 5a1e0a27-f97f-4835-9fcc-d46475b80c7a
2024-09-20 06:00:26,194 - ERROR - No such comm target registered: jupyter.widget.control
2024-09-20 06:00:26,195 - WARNING - No such comm: 2505f574-f36d-4f01-924a-457ed9dfdec3
2024-09-20 06:02:38,543 - ERROR - No such comm target registered: jupyter.widget.control
2024-09-20 06:02:38,545 - WARNING - No such comm: 7607d3a2-f9b7-45ff-93a6-2b22761b5742
2024-09-20 06:05:46,557 - ERROR - No such comm target registered: jupyter.widget.control
2024-09-20 06:05:46,558 - WARNING - No such comm: 6de007ee-d793-4d13-8fe5-ac6c4426d87e
2024-09-20 06:08:05,639 - ERROR - No such comm target registered: jupyter.widget.control
2024-09-20 06:08:05,640 - WARNING - No such comm: 1bfb0374-c778-4379-ab81-9cbb589b135d
2024-09-20 06:10:28,054 - ERROR - No such comm target registered: jupyter.widget.control
2024-09-20 06:10:28,056 - WARNING - No such comm: dae487d7-2050-43e0-bb9a-7ffb6a6db03d
2024-09-20 06:12:21,499 - ERROR - No such comm target registered: jupyter.widget.control
2024-09-20 06:12:21,501 - WARNING - No such comm: ee8a5800-3a97-433a-ba2b-3dab9a6e56b9
2024-09-20 06:15:04,450 - ERROR - No such comm target registered: jupyter.widget.control
2024-09-20 06:15:04,451 - WARNING - No such comm: caaff9c5-4076-4e3c-9d6a-069c655fc082
2024-09-20 06:17:57,295 - ERROR - No such comm target registered: jupyter.widget.control
2024-09-20 06:17:57,296 - WARNING - No such comm: 742c2267-83b6-46ad-86c2-e1385fb6f5ba
2024-09-20 06:20:07,481 - ERROR - No such comm target registered: jupyter.widget.control
2024-09-20 06:20:07,483 - WARNING - No such comm: 3bf5eb4a-8023-4cc4-bd74-482ceddd8d98
2024-09-20 06:22:34,741 - ERROR - No such comm target registered: jupyter.widget.control
2024-09-20 06:22:34,742 - WARNING - No such comm: cf83d034-4507-4bcf-9d48-01e3e29858d7
2024-09-20 06:25:12,044 - ERROR - No such comm target registered: jupyter.widget.control
2024-09-20 06:25:12,045 - WARNING - No such comm: 2bc2bb40-99c6-43a4-b3e8-ab6da5da3041
2024-09-20 06:28:29,102 - ERROR - No such comm target registered: jupyter.widget.control
2024-09-20 06:28:29,103 - WARNING - No such comm: e75dfe5d-9c56-457c-bad5-9243ae8db710
2024-09-20 06:30:36,235 - ERROR - No such comm target registered: jupyter.widget.control
2024-09-20 06:30:36,236 - WARNING - No such comm: 23a73882-5052-4344-bad6-fe45eb73532d
2024-09-20 06:32:51,575 - ERROR - No such comm target registered: jupyter.widget.control
2024-09-20 06:32:51,576 - WARNING - No such comm: 80131d0b-c683-45fb-b319-92177db5636b
2024-09-20 06:34:50,765 - ERROR - No such comm target registered: jupyter.widget.control
2024-09-20 06:34:50,767 - WARNING - No such comm: b1387535-9c87-40a3-8d3f-6f197058b0a8
2024-09-20 06:38:09,434 - ERROR - No such comm target registered: jupyter.widget.control
2024-09-20 06:38:09,435 - WARNING - No such comm: ed991cb5-9c0c-4dbe-8ac8-01950609a15f
2024-09-20 06:40:25,683 - ERROR - No such comm target registered: jupyter.widget.control
2024-09-20 06:40:25,684 - WARNING - No such comm: fee6971c-aeb9-4d46-9fe2-6d9c02e4be96
2024-09-20 06:43:22,861 - ERROR - No such comm target registered: jupyter.widget.control
2024-09-20 06:43:22,862 - WARNING - No such comm: 0ff046ff-7337-44d8-93f7-d15da2f48698
2024-09-20 06:46:40,262 - ERROR - No such comm target registered: jupyter.widget.control
2024-09-20 06:46:40,263 - WARNING - No such comm: 6580ead4-06c4-466a-8249-9bbd9b03f2ec
2024-09-20 06:48:46,484 - ERROR - No such comm target registered: jupyter.widget.control
2024-09-20 06:48:46,485 - WARNING - No such comm: 394f44f9-a2bb-46ed-9548-75c86b73eded
2024-09-20 06:51:16,076 - ERROR - No such comm target registered: jupyter.widget.control
2024-09-20 06:51:16,077 - WARNING - No such comm: b9e00ac4-5d3f-4d0b-942c-97cda6893ec1
2024-09-20 06:53:29,317 - ERROR - No such comm target registered: jupyter.widget.control
2024-09-20 06:53:29,318 - WARNING - No such comm: 4662b30e-67a4-410f-b1ca-b2d2029255f1
2024-09-20 06:56:14,358 - ERROR - No such comm target registered: jupyter.widget.control
2024-09-20 06:56:14,359 - WARNING - No such comm: 7038498f-b8a2-41e8-ad2a-6752173690b4
2024-09-20 06:58:43,366 - ERROR - No such comm target registered: jupyter.widget.control
2024-09-20 06:58:43,368 - WARNING - No such comm: 1247d4ab-6959-4f94-8403-8c34cd16d33c
2024-09-20 07:01:06,985 - ERROR - No such comm target registered: jupyter.widget.control
2024-09-20 07:01:06,986 - WARNING - No such comm: 11ba751d-4c72-400a-8023-e66b632371e7
2024-09-20 07:03:42,751 - ERROR - No such comm target registered: jupyter.widget.control
2024-09-20 07:03:42,752 - WARNING - No such comm: ec89f3e8-56c7-483a-be41-304ac1e7b4d7
2024-09-20 07:07:14,010 - ERROR - No such comm target registered: jupyter.widget.control
2024-09-20 07:07:14,011 - WARNING - No such comm: a8431a14-0c85-4d92-85e5-c6e0ec68a4b5
2024-09-20 07:09:32,894 - ERROR - No such comm target registered: jupyter.widget.control
2024-09-20 07:09:32,895 - WARNING - No such comm: 9e362b6e-fc35-47d5-91bd-e8d6ce811fd1
2024-09-20 07:11:44,850 - ERROR - No such comm target registered: jupyter.widget.control
2024-09-20 07:11:44,852 - WARNING - No such comm: 7a7e446f-95c7-4bb8-afa9-a850f2fb4131
2024-09-20 07:14:09,924 - ERROR - No such comm target registered: jupyter.widget.control
2024-09-20 07:14:09,925 - WARNING - No such comm: b3196a47-49dd-42e8-b92c-9b91e47abc26
2024-09-20 07:17:01,690 - ERROR - No such comm target registered: jupyter.widget.control
2024-09-20 07:17:01,691 - WARNING - No such comm: fafed755-1fd3-4653-8b2a-c9d2982e6394
2024-09-20 07:18:44,813 - ERROR - No such comm target registered: jupyter.widget.control
2024-09-20 07:18:44,814 - WARNING - No such comm: bd0ce26c-a600-4250-a176-db3fe804067a
2024-09-20 07:22:03,858 - ERROR - No such comm target registered: jupyter.widget.control
2024-09-20 07:22:03,859 - WARNING - No such comm: 1b632f6a-07f5-4163-afb0-cd0866d2ac79
2024-09-20 07:24:54,382 - ERROR - No such comm target registered: jupyter.widget.control
2024-09-20 07:24:54,383 - WARNING - No such comm: 9fea6631-28cb-4883-a93e-6910aff7965f
2024-09-20 07:27:04,240 - ERROR - No such comm target registered: jupyter.widget.control
2024-09-20 07:27:04,241 - WARNING - No such comm: 3f2bf70f-4209-4e8c-adb7-3a5dbcad5e6f
2024-09-20 07:30:08,252 - ERROR - No such comm target registered: jupyter.widget.control
2024-09-20 07:30:08,253 - WARNING - No such comm: 43726bab-88ad-42f9-a1af-0625e422415b
2024-09-20 07:32:45,200 - ERROR - No such comm target registered: jupyter.widget.control
2024-09-20 07:32:45,202 - WARNING - No such comm: 29214186-ddaf-41d3-893f-473db8156ef0
2024-09-20 07:34:51,653 - ERROR - No such comm target registered: jupyter.widget.control
2024-09-20 07:34:51,654 - WARNING - No such comm: 7b6ec88a-e667-46f5-b784-835d5573cd3d
2024-09-20 07:37:44,103 - ERROR - No such comm target registered: jupyter.widget.control
2024-09-20 07:37:44,104 - WARNING - No such comm: d274e772-39ec-4a10-9321-d058142e8864
2024-09-20 07:39:47,562 - ERROR - No such comm target registered: jupyter.widget.control
2024-09-20 07:39:47,563 - WARNING - No such comm: 017d0a3e-765a-47ba-9fe7-9181e9c91c6c
2024-09-20 07:42:50,833 - ERROR - No such comm target registered: jupyter.widget.control
2024-09-20 07:42:50,834 - WARNING - No such comm: 724ae835-1fdd-4e0c-842a-ee1a0d6fafbf
2024-09-20 07:45:25,197 - ERROR - No such comm target registered: jupyter.widget.control
2024-09-20 07:45:25,198 - WARNING - No such comm: 2ff5ee71-5942-458a-8119-df05ec11dbbc
2024-09-20 07:48:15,825 - ERROR - No such comm target registered: jupyter.widget.control
2024-09-20 07:48:15,827 - WARNING - No such comm: 4b5c3fac-3848-48ce-b19a-fe1c6825816c
2024-09-20 07:50:40,380 - ERROR - No such comm target registered: jupyter.widget.control
2024-09-20 07:50:40,381 - WARNING - No such comm: 39e8d61c-c399-4f45-94a7-b1f7a1c83479
2024-09-20 07:53:42,983 - ERROR - No such comm target registered: jupyter.widget.control
2024-09-20 07:53:42,985 - WARNING - No such comm: e10c08ce-5843-442d-aac4-40275b275625
2024-09-20 07:55:48,337 - ERROR - No such comm target registered: jupyter.widget.control
2024-09-20 07:55:48,339 - WARNING - No such comm: c6f6c6e2-80f7-4c32-a615-9755606a5eaf
2024-09-20 07:58:23,715 - ERROR - No such comm target registered: jupyter.widget.control
2024-09-20 07:58:23,717 - WARNING - No such comm: 5971fdcb-40a4-4ec4-a63e-ca2e39de2f61
2024-09-20 08:00:31,866 - ERROR - No such comm target registered: jupyter.widget.control
2024-09-20 08:00:31,867 - WARNING - No such comm: d936eb51-96d7-4b9f-868c-e693423f58fb
2024-09-20 08:03:12,488 - ERROR - No such comm target registered: jupyter.widget.control
2024-09-20 08:03:12,490 - WARNING - No such comm: f13d7ade-dd5d-4a05-ae1a-65439fa73c23
2024-09-20 08:05:41,111 - ERROR - No such comm target registered: jupyter.widget.control
2024-09-20 08:05:41,112 - WARNING - No such comm: 0b01f224-d48a-4ed6-8bc9-527bea9a4c1f
2024-09-20 08:08:29,689 - ERROR - No such comm target registered: jupyter.widget.control
2024-09-20 08:08:29,690 - WARNING - No such comm: 141f6fc8-5ae9-482b-9da3-7df212f965b3
2024-09-20 08:10:56,302 - ERROR - No such comm target registered: jupyter.widget.control
2024-09-20 08:10:56,303 - WARNING - No such comm: 2848587e-acfc-4bf8-ad60-370f9cf09745
2024-09-20 08:13:35,574 - ERROR - No such comm target registered: jupyter.widget.control
2024-09-20 08:13:35,575 - WARNING - No such comm: 1b28b0d6-a091-4b21-9e6d-a7e66436d651
2024-09-20 08:18:41,246 - ERROR - No such comm target registered: jupyter.widget.control
2024-09-20 08:18:41,247 - WARNING - No such comm: c0f169e7-6457-4624-b537-a7ecc7429d4f
2024-09-20 08:21:35,005 - ERROR - No such comm target registered: jupyter.widget.control
2024-09-20 08:21:35,007 - WARNING - No such comm: 327799f0-6918-44a8-84ea-a40923dc07b8
2024-09-20 08:23:48,560 - ERROR - No such comm target registered: jupyter.widget.control
2024-09-20 08:23:48,561 - WARNING - No such comm: 39d7d73c-28d7-4bfb-9b9c-97e2db2df749
2024-09-20 08:26:41,088 - ERROR - No such comm target registered: jupyter.widget.control
2024-09-20 08:26:41,089 - WARNING - No such comm: a788a8e2-a7de-4ce8-b379-75d127f4dcfb
2024-09-20 08:29:01,401 - ERROR - No such comm target registered: jupyter.widget.control
2024-09-20 08:29:01,402 - WARNING - No such comm: 98711b2f-d333-4a9a-ae99-49acca2dd0c6
2024-09-20 08:31:39,621 - ERROR - No such comm target registered: jupyter.widget.control
2024-09-20 08:31:39,623 - WARNING - No such comm: 2c3b5ef3-cca5-43cf-ab5f-553c050c98a3
2024-09-20 08:34:43,133 - ERROR - No such comm target registered: jupyter.widget.control
2024-09-20 08:34:43,134 - WARNING - No such comm: fd1a94ba-90d0-49ff-86e2-148edf010127
2024-09-20 08:37:11,526 - ERROR - No such comm target registered: jupyter.widget.control
2024-09-20 08:37:11,527 - WARNING - No such comm: b7921acf-d728-4ac5-8842-2ea24d253e34
2024-09-20 08:40:09,986 - ERROR - No such comm target registered: jupyter.widget.control
2024-09-20 08:40:09,987 - WARNING - No such comm: de15a768-7caf-4785-ac58-bc8281b31139
2024-09-20 08:42:16,877 - ERROR - No such comm target registered: jupyter.widget.control
2024-09-20 08:42:16,878 - WARNING - No such comm: b8aa1111-e8a6-4747-b98a-86ba4565508e
2024-09-20 08:45:24,614 - ERROR - No such comm target registered: jupyter.widget.control
2024-09-20 08:45:24,615 - WARNING - No such comm: f1937d6e-3d1c-4cc7-b505-05bca2ad0bcc
2024-09-20 08:47:49,310 - ERROR - No such comm target registered: jupyter.widget.control
2024-09-20 08:47:49,311 - WARNING - No such comm: 1cd7f624-3d26-41f0-8cde-d94ecaa9f0fa
2024-09-20 08:57:47,428 - ERROR - No such comm target registered: jupyter.widget.control
2024-09-20 08:57:47,430 - WARNING - No such comm: 926ba5b8-7d97-4fc6-830e-33db03be4fbb
2024-09-20 09:00:32,291 - ERROR - No such comm target registered: jupyter.widget.control
2024-09-20 09:00:32,300 - WARNING - No such comm: dd40c798-f332-4310-b1d9-7d3c14718677
2024-09-20 09:03:08,137 - ERROR - No such comm target registered: jupyter.widget.control
2024-09-20 09:03:08,139 - WARNING - No such comm: 3c8090b7-ce63-435d-aa2b-17f294e20c55
2024-09-20 09:05:45,579 - ERROR - No such comm target registered: jupyter.widget.control
2024-09-20 09:05:45,580 - WARNING - No such comm: 8d7d1bb0-29d4-4fea-8f73-940f14873a4f
2024-09-20 09:07:35,536 - ERROR - No such comm target registered: jupyter.widget.control
2024-09-20 09:07:35,537 - WARNING - No such comm: 51b90d5c-4f8f-4dcf-b43a-712b9190187b
2024-09-20 09:10:33,891 - ERROR - No such comm target registered: jupyter.widget.control
2024-09-20 09:10:33,892 - WARNING - No such comm: d3e47c19-7bda-4cf5-ab28-cf8d59a2cd9e
2024-09-20 09:13:07,257 - ERROR - No such comm target registered: jupyter.widget.control
2024-09-20 09:13:07,258 - WARNING - No such comm: 1c32c57b-2305-4731-ad83-ef5c77627e6c
2024-09-20 09:15:54,106 - ERROR - No such comm target registered: jupyter.widget.control
2024-09-20 09:15:54,108 - WARNING - No such comm: 8738fd5d-72a9-4613-b101-c067dbb5a7c2
2024-09-20 09:18:26,843 - ERROR - No such comm target registered: jupyter.widget.control
2024-09-20 09:18:26,844 - WARNING - No such comm: 360d376f-de55-490d-99b4-efc653c0b655
2024-09-20 09:21:07,603 - ERROR - No such comm target registered: jupyter.widget.control
2024-09-20 09:21:07,605 - WARNING - No such comm: 41f109fb-3cb3-45c9-a550-40233d10a037
2024-09-20 09:23:39,200 - ERROR - No such comm target registered: jupyter.widget.control
2024-09-20 09:23:39,201 - WARNING - No such comm: 2a41d016-81f1-4b23-850e-40ef910f8ffa
2024-09-20 09:26:36,832 - ERROR - No such comm target registered: jupyter.widget.control
2024-09-20 09:26:36,833 - WARNING - No such comm: cf4b0371-6fe2-425b-b2f6-c76ee7e21c1d
2024-09-20 09:29:13,601 - ERROR - No such comm target registered: jupyter.widget.control
2024-09-20 09:29:13,603 - WARNING - No such comm: 8469f6fb-cf84-416b-baea-38e7be47e2e8
2024-09-20 09:30:53,864 - ERROR - No such comm target registered: jupyter.widget.control
2024-09-20 09:30:53,865 - WARNING - No such comm: e08edba5-00bc-4a76-91b5-567ca86b4dac
2024-09-20 09:33:53,581 - ERROR - No such comm target registered: jupyter.widget.control
2024-09-20 09:33:53,584 - WARNING - No such comm: 53802a9f-0954-4fac-9d5e-b569d6a2559c
2024-09-20 09:52:00,524 - ERROR - No such comm target registered: jupyter.widget.control
2024-09-20 09:52:00,525 - WARNING - No such comm: 59fae5f0-410c-4d4f-a7f1-6351351928d6
2024-09-20 09:54:17,803 - ERROR - No such comm target registered: jupyter.widget.control
2024-09-20 09:54:17,805 - WARNING - No such comm: 5107d1bf-ae66-4b91-9d1f-c1171a5807f8
2024-09-20 10:03:06,493 - ERROR - No such comm target registered: jupyter.widget.control
2024-09-20 10:03:06,494 - WARNING - No such comm: 5fa15fd5-abd0-4e05-8252-2b0755342d00
2024-09-20 10:12:06,979 - ERROR - No such comm target registered: jupyter.widget.control
2024-09-20 10:12:06,981 - WARNING - No such comm: 18c44c26-1286-4857-ac03-095033e99e2a
2024-09-20 10:14:27,636 - ERROR - No such comm target registered: jupyter.widget.control
2024-09-20 10:14:27,637 - WARNING - No such comm: ef5bccd0-cdd3-4cec-bd1e-7a173f332d45
2024-09-20 10:17:39,510 - ERROR - No such comm target registered: jupyter.widget.control
2024-09-20 10:17:39,512 - WARNING - No such comm: bc9e9a4c-2bf2-4241-a0b5-e6be457eabf0
2024-09-20 10:22:32,274 - ERROR - No such comm target registered: jupyter.widget.control
2024-09-20 10:22:32,277 - WARNING - No such comm: dd9eeb9b-70c1-4406-9bff-b280e15c87e0
2024-09-20 10:27:19,705 - ERROR - No such comm target registered: jupyter.widget.control
2024-09-20 10:27:19,706 - WARNING - No such comm: a7445c0c-9e72-44b8-9253-57420bf9b444
2024-09-20 10:40:17,377 - ERROR - No such comm target registered: jupyter.widget.control
2024-09-20 10:40:17,378 - WARNING - No such comm: d8a49455-03f7-40e7-b660-01e4b3f82e8b
2024-09-20 10:42:15,268 - ERROR - No such comm target registered: jupyter.widget.control
2024-09-20 10:42:15,270 - WARNING - No such comm: 13a4c513-5ba5-48c0-b425-875ce6678f28
2024-09-20 10:47:26,089 - ERROR - No such comm target registered: jupyter.widget.control
2024-09-20 10:47:26,090 - WARNING - No such comm: e4fffa9e-29a6-4b06-b255-7d3810bd0f79
2024-09-20 10:48:02,149 - ERROR - No such comm target registered: jupyter.widget.control
2024-09-20 10:48:02,150 - WARNING - No such comm: 3c58cf66-5d2d-4b58-b677-0f805bccfcd5
2025-04-21 14:45:17,061 - ERROR - No such comm target registered: jupyter.widget.control
2025-04-21 14:45:17,084 - WARNING - No such comm: d3bff7f9-cdb4-4a09-a01f-36ec8b7a765c
2025-04-21 20:37:11,085 - ERROR - No such comm target registered: jupyter.widget.control
2025-04-21 20:37:11,087 - WARNING - No such comm: 02fcdc47-75bb-4d66-a6dd-bb483a592464
2025-04-21 20:40:37,888 - ERROR - No such comm target registered: jupyter.widget.control
2025-04-21 20:40:37,890 - WARNING - No such comm: 8d08860f-c233-4fed-88c0-d1330d282676
